Collected_Date,Report_Date,School_Board,School,Municipality,Confirmed_Student_Cases,Confirmed_Staff_Cases,Confirmed_Unspecified_Cases,Total_Confirmed_Cases
2020-09-10,2020-09-11,Conseil des écoles catholiques du Centre-Est (CECCE),École élémentaire catholique Roger-Saint-Denis,Ottawa,0,1,,1
2020-09-10,2020-09-11,Conseil des écoles catholiques du Centre-Est (CECCE),École élémentaire catholique Saint-François-d’Assise,Ottawa,1,0,,1
2020-09-10,2020-09-11,Conseil des écoles catholiques du Centre-Est (CECCE),École élémentaire catholique Sainte-Anne,Ottawa,1,0,,1
2020-09-10,2020-09-11,Conseil des écoles catholiques du Centre-Est (CECCE),École élémentaire catholique Laurier-Carrière,Ottawa,1,0,,1
2020-09-10,2020-09-11,Conseil des écoles catholiques du Centre-Est (CECCE),École intermédiaire catholique Franco-Ouest,Ottawa,1,0,,1
2020-09-10,2020-09-11,Conseil des écoles publiques de l’Est de l’Ontario,École secondaire publique De La Salle,Ottawa,0,1,,1
2020-09-10,2020-09-11,Conseil Scolaire Viamonde,École Ronald-Marion,Pickering,0,1,,1
2020-09-10,2020-09-11,Halton Catholic District School Board,St. Marguerite d’Youville Catholic Elementary School,Oakville,0,1,,1
2020-09-10,2020-09-11,Halton District School Board,Oodeenawi Public School,Oakville,0,1,,1
2020-09-10,2020-09-11,Peel District School Board,North Field Office,Brampton,0,1,,1
2020-09-10,2020-09-11,Peel District School Board,Ross Drive Public School,Brampton,0,1,,1
2020-09-10,2020-09-11,Peel District School Board,Briarwood Public School,Mississauga,0,1,,1
2020-09-10,2020-09-11,Waterloo Region District School Board,Edna Staebler Public School,Waterloo,0,1,,1
2020-09-11,2020-09-14,nseil des écoles catholiques du Centre-Est (CECCE),École élémentaire catholique Roger-Saint-Denis,Ottawa,0,1,,1
2020-09-11,2020-09-14,Conseil des écoles catholiques du Centre-Est (CECCE),École élémentaire catholique Saint-François-d’Assise,Ottawa,1,0,,1
2020-09-11,2020-09-14,Conseil des écoles catholiques du Centre-Est (CECCE),École élémentaire catholique Sainte-Anne,Ottawa,1,0,,1
2020-09-11,2020-09-14,Conseil des écoles catholiques du Centre-Est (CECCE),École élémentaire catholique Laurier-Carrière,Ottawa,1,0,,1
2020-09-11,2020-09-14,Conseil des écoles catholiques du Centre-Est (CECCE),École intermédiaire catholique Franco-Ouest,Ottawa,1,0,,1
2020-09-11,2020-09-14,Conseil des écoles publiques de l’Est de l’Ontario,École secondaire publique De La Salle,Ottawa,0,1,,1
2020-09-11,2020-09-14,Conseil Scolaire Viamonde,École Ronald-Marion,Pickering,0,1,,1
2020-09-11,2020-09-14,Halton Catholic District School Board,St. Marguerite d’Youville Catholic Elementary School,Oakville,0,1,,1
2020-09-11,2020-09-14,Halton District School Board,Oodeenawi Public School,Oakville,0,1,,1
2020-09-11,2020-09-14,Peel District School Board,North Field Office,Brampton,0,1,,1
2020-09-11,2020-09-14,Peel District School Board,Ross Drive Public School,Brampton,0,1,,1
2020-09-11,2020-09-14,Peel District School Board,Briarwood Public School,Mississauga,0,1,,1
2020-09-11,2020-09-14,Peel District School Board,John Fraser Secondary School,Mississauga,1,0,,1
2020-09-11,2020-09-14,Renfrew County District School Board,Fellowes High School,Pembroke,0,1,,1
2020-09-11,2020-09-14,Waterloo Region District School Board,Edna Staebler Public School,Waterloo,0,1,,1
2020-09-14,2020-09-15,Conseil des écoles catholiques du Centre-Est (CECCE),École élémentaire catholique Laurier-Carrière,Ottawa,1,0,0,1
2020-09-14,2020-09-15,Conseil des écoles catholiques du Centre-Est (CECCE),École élémentaire catholique Marius-Barbeau,Ottawa,0,0,1,1
2020-09-14,2020-09-15,Conseil des écoles catholiques du Centre-Est (CECCE),École élémentaire catholique Montfort,Ottawa,0,0,1,1
2020-09-14,2020-09-15,Conseil des écoles catholiques du Centre-Est (CECCE),École élémentaire catholique Roger-Saint-Denis,Ottawa,0,1,0,1
2020-09-14,2020-09-15,Conseil des écoles catholiques du Centre-Est (CECCE),École élémentaire catholique Sainte-Anne,Ottawa,1,0,0,1
2020-09-14,2020-09-15,Conseil des écoles catholiques du Centre-Est (CECCE),École élémentaire catholique Saint-François-d’Assise,Ottawa,1,0,0,1
2020-09-14,2020-09-15,Conseil des écoles catholiques du Centre-Est (CECCE),École intermédiaire catholique Franco-Ouest,Ottawa,1,0,1,2
2020-09-14,2020-09-15,Conseil des écoles publiques de l’Est de l’Ontario,École secondaire publique De La Salle,Ottawa,0,1,0,1
2020-09-14,2020-09-15,Conseil des écoles publiques de l’Est de l’Ontario,École élémentaire publique Gabrielle-Roy,Ottawa,0,0,2,2
2020-09-14,2020-09-15,Conseil Scolaire Viamonde,École Ronald-Marion,Pickering,0,1,0,1
2020-09-14,2020-09-15,Dufferin Peel Catholic District School Board,St. Joseph Secondary School,Mississauga,1,0,0,1
2020-09-14,2020-09-15,Durham District School Board,Mapleridge Public School,Pickering,1,0,0,1
2020-09-14,2020-09-15,Halton Catholic District School Board,St. Marguerite d’Youville Catholic Elementary School,Oakville,0,1,0,1
2020-09-14,2020-09-15,Halton District School Board,Oodeenawi Public School,Oakville,0,1,0,1
2020-09-14,2020-09-15,Peel District School Board,Briarwood Public School,Mississauga,0,1,0,1
2020-09-14,2020-09-15,Peel District School Board,John Fraser Secondary School,Mississauga,1,0,0,1
2020-09-14,2020-09-15,Peel District School Board,Louise Arbour Secondary School,Brampton,1,0,0,1
2020-09-14,2020-09-15,Peel District School Board,North Field Office,Brampton,0,1,0,1
2020-09-14,2020-09-15,Peel District School Board,Ross Drive Public School,Brampton,0,1,0,1
2020-09-14,2020-09-15,Peel District School Board,Ruth Thompson Middle School,Mississauga,0,0,1,1
2020-09-14,2020-09-15,Renfrew County District School Board,Fellowes High School,Pembroke,0,1,0,1
2020-09-14,2020-09-15,Toronto District School Board,Bloordale Middle School,Toronto,0,1,0,1
2020-09-14,2020-09-15,Toronto District School Board,Charles G Fraser Junior Public School,Toronto,0,1,0,1
2020-09-14,2020-09-15,Toronto District School Board,Don Mills Middle School,Toronto,0,1,0,1
2020-09-14,2020-09-15,Toronto District School Board,Earl Haig Public School,Toronto,0,1,0,1
2020-09-14,2020-09-15,Waterloo Region District School Board,Edna Staebler Public School,Waterloo,0,1,0,1
2020-09-14,2020-09-15,York Region District School Board,Little Rouge Public School,Markham,1,0,0,1
2020-09-15,2020-09-16,Conseil des écoles catholiques du Centre-Est (CECCE),École élémentaire catholique Laurier-Carrière,Ottawa,1,0, 0,1
2020-09-15,2020-09-16,Conseil des écoles catholiques du Centre-Est (CECCE),École élémentaire catholique Marius-Barbeau,Ottawa,0,0,1,1
2020-09-15,2020-09-16,Conseil des écoles catholiques du Centre-Est (CECCE),École élémentaire catholique Montfort,Ottawa,0,0,1,1
2020-09-15,2020-09-16,Conseil des écoles catholiques du Centre-Est (CECCE),École élémentaire catholique Roger-Saint-Denis,Ottawa,0,1, 0,1
2020-09-15,2020-09-16,Conseil des écoles catholiques du Centre-Est (CECCE),École élémentaire catholique Sainte-Anne,Ottawa,1,0, 0,1
2020-09-15,2020-09-16,Conseil des écoles catholiques du Centre-Est (CECCE),École élémentaire catholique Saint-François-d’Assise,Ottawa,2,0, 0,2
2020-09-15,2020-09-16,Conseil des écoles catholiques du Centre-Est (CECCE),École intermédiaire catholique Franco-Ouest,Ottawa,2,0,1,3
2020-09-15,2020-09-16,Conseil des écoles publiques de l’Est de l’Ontario,École secondaire publique De La Salle,Ottawa,0,1,1,2
2020-09-15,2020-09-16,Conseil des écoles publiques de l’Est de l’Ontario,École élémentaire publique Gabrielle-Roy,Ottawa,0,0,2,2
2020-09-15,2020-09-16,Conseil Scolaire Viamonde,École Ronald-Marion,Pickering,0,1, 0,1
2020-09-15,2020-09-16,Dufferin Peel Catholic District School Board,St. Joseph Secondary School,Mississauga,1,0,0,1
2020-09-15,2020-09-16,Durham District School Board,Mapleridge Public School,Pickering,1,0,0,1
2020-09-15,2020-09-16,Halton Catholic District School Board,St. Marguerite d’Youville Catholic Elementary School,Oakville,0,1,0,1
2020-09-15,2020-09-16,Halton District School Board,Oodeenawi Public School,Oakville,0,1,0,1
2020-09-15,2020-09-16,Peel District School Board,Briarwood Public School,Mississauga,0,1,0,1
2020-09-15,2020-09-16,Peel District School Board,John Fraser Secondary School,Mississauga,1,0,0,1
2020-09-15,2020-09-16,Peel District School Board,Louise Arbour Secondary School,Brampton,1,0,0,1
2020-09-15,2020-09-16,Peel District School Board,North Field Office,Brampton,0,1,0,1
2020-09-15,2020-09-16,Peel District School Board,Ross Drive Public School,Brampton,0,1,0,1
2020-09-15,2020-09-16,Peel District School Board,Ruth Thompson Middle School,Mississauga,0,0,1,1
2020-09-15,2020-09-16,Renfrew County District School Board,Fellowes High School,Pembroke,0,2,0,2
2020-09-15,2020-09-16,Toronto District School Board,Bloordale Middle School,Toronto,0,1,0,1
2020-09-15,2020-09-16,Toronto District School Board,Charles G Fraser Junior Public School,Toronto,0,1,0,1
2020-09-15,2020-09-16,Toronto District School Board,Don Mills Middle School,Toronto,0,1,0,1
2020-09-15,2020-09-16,Toronto District School Board,Earl Haig Secondary School,Toronto,0,1,0,1
2020-09-15,2020-09-16,Waterloo Region District School Board,Edna Staebler Public School,Waterloo,0,1,0,1
2020-09-15,2020-09-16,York Region District School Board,Little Rouge Public School,Markham,1,0,0,1
2020-09-15,2020-09-16,Peel District School Board,The Valleys Senior Public School,Mississauga,0,0,1,1
2020-09-15,2020-09-16,Toronto District School Board,York Mills Collegiate Institute,Toronto,0,1,0,1
2020-09-15,2020-09-16,Toronto District School Board,Brookhaven Public School,Toronto,0,1,0,1
2020-09-15,2020-09-16,Conseil des écoles catholiques du Centre-Est (CECCE),École élémentaire catholique d'enseignement personnalisé La Source,Ottawa,1,0,0,1
2020-09-15,2020-09-16,Ottawa Catholic District School Board,St Leonard Elementary School,Ottawa,1,0,0,1
2020-09-15,2020-09-16,Ottawa Catholic District School Board,Monsignor Paul Baxter Elementary School,Ottawa,1,0,0,1
2020-09-15,2020-09-16,Simcoe County District School Board,Twin Lakes Secondary School,Orillia,0,1,0,1
2020-09-15,2020-09-16,Windsor-Essex Catholic District School Board,Stella Maris Catholic Elementary School,Amherstburg,1,0,0,1
2020-09-16,2020-09-17,Conseil des écoles catholiques du Centre-Est (CECCE),École élémentaire catholique Laurier-Carrière,Ottawa,1,0, 0,1
2020-09-16,2020-09-17,Conseil des écoles catholiques du Centre-Est (CECCE),École élémentaire catholique Marius-Barbeau,Ottawa,0,1,0,1
2020-09-16,2020-09-17,Conseil des écoles catholiques du Centre-Est (CECCE),École élémentaire catholique Montfort,Ottawa,0,1,0,1
2020-09-16,2020-09-17,Conseil des écoles catholiques du Centre-Est (CECCE),École élémentaire catholique Roger-Saint-Denis,Ottawa,0,1, 0,1
2020-09-16,2020-09-17,Conseil des écoles catholiques du Centre-Est (CECCE),École élémentaire catholique Sainte-Anne,Ottawa,1,0, 0,1
2020-09-16,2020-09-17,Conseil des écoles catholiques du Centre-Est (CECCE),École élémentaire catholique Saint-François-d’Assise,Ottawa,2,0, 0,2
2020-09-16,2020-09-17,Conseil des écoles catholiques du Centre-Est (CECCE),École intermédiaire catholique Franco-Ouest,Ottawa,3,0,0,3
2020-09-16,2020-09-17,Conseil des écoles publiques de l’Est de l’Ontario,École secondaire publique De La Salle,Ottawa,0,1,1,2
2020-09-16,2020-09-17,Conseil des écoles publiques de l’Est de l’Ontario,École élémentaire publique Gabrielle-Roy,Ottawa,0,0,2,2
2020-09-16,2020-09-17,Conseil Scolaire Viamonde,École Ronald-Marion,Pickering,0,1, 0,1
2020-09-16,2020-09-17,Dufferin Peel Catholic District School Board,St. Joseph Secondary School,Mississauga,1,0,0,1
2020-09-16,2020-09-17,Durham District School Board,Mapleridge Public School,Pickering,1,0,0,1
2020-09-16,2020-09-17,Halton Catholic District School Board,St. Marguerite d’Youville Catholic Elementary School,Oakville,0,1,0,1
2020-09-16,2020-09-17,Halton District School Board,Oodeenawi Public School,Oakville,0,1,0,1
2020-09-16,2020-09-17,Peel District School Board,Briarwood Public School,Mississauga,0,1,0,1
2020-09-16,2020-09-17,Peel District School Board,John Fraser Secondary School,Mississauga,1,0,0,1
2020-09-16,2020-09-17,Peel District School Board,Louise Arbour Secondary School,Brampton,1,0,0,1
2020-09-16,2020-09-17,Peel District School Board,North Field Office,Brampton,0,1,0,1
2020-09-16,2020-09-17,Peel District School Board,Ross Drive Public School,Brampton,0,1,0,1
2020-09-16,2020-09-17,Peel District School Board,Ruth Thompson Middle School,Mississauga,0,0,1,1
2020-09-16,2020-09-17,Renfrew County District School Board,Fellowes High School,Pembroke,0,3,0,3
2020-09-16,2020-09-17,Toronto District School Board,Bloordale Middle School,Toronto,0,1,0,1
2020-09-16,2020-09-17,Toronto District School Board,Charles G Fraser Junior Public School,Toronto,0,1,0,1
2020-09-16,2020-09-17,Toronto District School Board,Don Mills Middle School,Toronto,0,1,0,1
2020-09-16,2020-09-17,Toronto District School Board,Earl Haig Secondary School,Toronto,0,1,0,1
2020-09-16,2020-09-17,Waterloo Region District School Board,Edna Staebler Public School,Waterloo,0,1,0,1
2020-09-16,2020-09-17,York Region District School Board,Little Rouge Public School,Markham,1,0,0,1
2020-09-16,2020-09-17,Peel District School Board,The Valleys Senior Public School,Mississauga,0,0,1,1
2020-09-16,2020-09-17,Toronto District School Board,York Mills Collegiate Institute,Toronto,0,1,0,1
2020-09-16,2020-09-17,Toronto District School Board,Brookhaven Public School,Toronto,0,1,0,1
2020-09-16,2020-09-17,Conseil des écoles catholiques du Centre-Est (CECCE),École élémentaire catholique d'enseignement personnalisé La Source,Ottawa,1,0,0,1
2020-09-16,2020-09-17,Ottawa Catholic District School Board,St Leonard Elementary School,Ottawa,2,0,0,2
2020-09-16,2020-09-17,Ottawa Catholic District School Board,Monsignor Paul Baxter Elementary School,Ottawa,1,0,0,1
2020-09-16,2020-09-17,Simcoe County District School Board,Twin Lakes Secondary School,Orillia,0,1,0,1
2020-09-16,2020-09-17,Windsor-Essex Catholic District School Board,Stella Maris Catholic Elementary School,Amherstburg,1,0,0,1
2020-09-16,2020-09-17,Toronto District School Board,School for Experiential Education,Toronto,0,1,0,1
2020-09-16,2020-09-17,Peel District School Board,Mountain Ash Public School,Brampton,0,0,1,1
2020-09-16,2020-09-17,Peel District School Board,Robert J. Lee Public School,Brampton,0,0,1,1
2020-09-16,2020-09-17,York Region District School Board,Blue Willow Public School,Woodbridge,0,0,1,1
2020-09-16,2020-09-17,Conseil des écoles catholiques du Centre-Est (CECCE),École élémentaire catholique Saint-Rémi,Ottawa,1,0,0,1
2020-09-16,2020-09-17,Conseil des écoles publiques de l’Est de l’Ontario,École secondaire publique Louis-Riel,Ottawa,0,0,1,1
2020-09-16,2020-09-17,Ottawa Catholic District School Board,Holy Cross Elementary School,Ottawa,1,0,0,1
2020-09-16,2020-09-17,Peel District School Board,Ingleborough Public School,Brampton,0,0,1,1
2020-09-16,2020-09-17,Peel District School Board,Tribune Drive Public School,Brampton,0,0,1,1
2020-09-16,2020-09-17,Peel District School Board,William Parkway Public School,Brampton,0,0,1,1
2020-09-16,2020-09-17,Dufferin Peel Catholic District School Board,St. Valentine Elementary School,Mississauga,0,0,1,1
2020-09-16,2020-09-17,Peel District School Board,Eden Rose Public School,Brampton,0,0,1,1
2020-09-16,2020-09-17,Dufferin Peel Catholic District School Board,St. Raphael Elementary School,Mississauga,0,0,2,2
2020-09-16,2020-09-17,York Region District School Board,Dr. Roberta Bondar Public School,Maple,0,0,1,1
2020-09-16,2020-09-17,Waterloo Catholic District School Board,St Anne Catholic Elementary School ,Cambridge ,1,0,0,1
2020-09-16,2020-09-17,York Region District School Board,Sir Wilfrid Laurier Public School,Markham,0,0,1,1
2020-09-17,2020-09-18,Conseil des écoles catholiques du Centre-Est (CECCE),École élémentaire catholique d'enseignement personnalisé La Source,Ottawa,1,0,0,1
2020-09-17,2020-09-18,Conseil des écoles catholiques du Centre-Est (CECCE),École élémentaire catholique Laurier-Carrière,Ottawa,1,0, 0,1
2020-09-17,2020-09-18,Conseil des écoles catholiques du Centre-Est (CECCE),École élémentaire catholique Marius-Barbeau,Ottawa,0,1,0,1
2020-09-17,2020-09-18,Conseil des écoles catholiques du Centre-Est (CECCE),École élémentaire catholique Montfort,Ottawa,0,1,0,1
2020-09-17,2020-09-18,Conseil des écoles catholiques du Centre-Est (CECCE),École élémentaire catholique Roger-Saint-Denis,Ottawa,0,1, 0,1
2020-09-17,2020-09-18,Conseil des écoles catholiques du Centre-Est (CECCE),École élémentaire catholique Sainte-Anne,Ottawa,1,0, 0,1
2020-09-17,2020-09-18,Conseil des écoles catholiques du Centre-Est (CECCE),École élémentaire catholique Saint-François-d’Assise,Ottawa,2,0, 0,2
2020-09-17,2020-09-18,Conseil des écoles catholiques du Centre-Est (CECCE),École élémentaire catholique Saint-Jean-Paul II,Ottawa,1,0,0,1
2020-09-17,2020-09-18,Conseil des écoles catholiques du Centre-Est (CECCE),École élémentaire catholique Saint-Rémi,Ottawa,1,0,0,1
2020-09-17,2020-09-18,Conseil des écoles catholiques du Centre-Est (CECCE),École intermédiaire catholique Franco-Ouest,Ottawa,3,0,0,3
2020-09-17,2020-09-18,Conseil des écoles publiques de l’Est de l’Ontario,École élémentaire publique Gabrielle-Roy,Ottawa,0,0,2,2
2020-09-17,2020-09-18,Conseil des écoles publiques de l’Est de l’Ontario,École élémentaire publique Maurice-Lapointe,Ottawa,1,0,0,1
2020-09-17,2020-09-18,Conseil des écoles publiques de l’Est de l’Ontario,École secondaire publique De La Salle,Ottawa,0,1,1,2
2020-09-17,2020-09-18,Conseil des écoles publiques de l’Est de l’Ontario,École secondaire publique Louis-Riel,Ottawa,0,0,1,1
2020-09-17,2020-09-18,Conseil Scolaire Viamonde,École Ronald-Marion,Pickering,0,1, 0,1
2020-09-17,2020-09-18,Dufferin Peel Catholic District School Board,St. Cecilia Elementary School,Brampton,0,0,1,1
2020-09-17,2020-09-18,Dufferin Peel Catholic District School Board,St. Joseph Secondary School,Mississauga,1,0,0,1
2020-09-17,2020-09-18,Dufferin Peel Catholic District School Board,St. Raphael Elementary School,Mississauga,0,0,2,2
2020-09-17,2020-09-18,Durham District School Board,Mapleridge Public School,Pickering,1,0,0,1
2020-09-17,2020-09-18,Durham District School Board,Nottingham Public School,Ajax,1,0,0,1
2020-09-17,2020-09-18,Halton Catholic District School Board,St. Marguerite d’Youville Catholic Elementary School,Oakville,0,1,0,1
2020-09-17,2020-09-18,Halton Catholic District School Board,St. Thomas Aquinas Catholic Secondary School,Oakville,0,0,1,1
2020-09-17,2020-09-18,Halton District School Board,Emily Carr Public School,Oakville,0,0,1,1
2020-09-17,2020-09-18,Halton District School Board,Oodeenawi Public School,Oakville,0,1,0,1
2020-09-17,2020-09-18,Ottawa Catholic District School Board,Holy Cross Elementary School,Ottawa,1,0,0,1
2020-09-17,2020-09-18,Ottawa Catholic District School Board,Holy Spirit Elementary School,Ottawa,1,0,0,1
2020-09-17,2020-09-18,Ottawa Catholic District School Board,Monsignor Paul Baxter Elementary School,Ottawa,1,0,0,1
2020-09-17,2020-09-18,Ottawa Catholic District School Board,St Leonard Elementary School,Ottawa,2,0,0,2
2020-09-17,2020-09-18,Peel District School Board,Briarwood Public School,Mississauga,0,1,0,1
2020-09-17,2020-09-18,Peel District School Board,Edenrose Public School,Mississauga,0,0,1,1
2020-09-17,2020-09-18,Peel District School Board,Folkstone Public School,Brampton,0,0,1,1
2020-09-17,2020-09-18,Peel District School Board,Goldcrest Public School,Brampton,0,0,2,2
2020-09-17,2020-09-18,Peel District School Board,Ingleborough Public School,Brampton,0,0,1,1
2020-09-17,2020-09-18,Peel District School Board,John Fraser Secondary School,Mississauga,1,0,0,1
2020-09-17,2020-09-18,Peel District School Board,Louise Arbour Secondary School,Brampton,1,0,0,1
2020-09-17,2020-09-18,Peel District School Board,Mountain Ash Public School,Brampton,0,0,1,1
2020-09-17,2020-09-18,Peel District School Board,North Field Office,Brampton,0,1,0,1
2020-09-17,2020-09-18,Peel District School Board,Robert J. Lee Public School,Brampton,0,0,1,1
2020-09-17,2020-09-18,Peel District School Board,Ross Drive Public School,Brampton,0,1,0,1
2020-09-17,2020-09-18,Peel District School Board,Ruth Thompson Middle School,Mississauga,0,0,1,1
2020-09-17,2020-09-18,Peel District School Board,The Valleys Senior Public School,Mississauga,0,0,1,1
2020-09-17,2020-09-18,Peel District School Board,Tribune Drive Public School,Brampton,0,0,1,1
2020-09-17,2020-09-18,Peel District School Board,William Parkway Public School,Brampton,0,0,1,1
2020-09-17,2020-09-18,Renfrew County District School Board,Fellowes High School,Pembroke,0,3,0,3
2020-09-17,2020-09-18,Simcoe County District School Board,Twin Lakes Secondary School,Orillia,0,1,0,1
2020-09-17,2020-09-18,Toronto District School Board,Bloordale Middle School,Toronto,0,1,0,1
2020-09-17,2020-09-18,Toronto District School Board,Brookhaven Public School,Toronto,0,1,0,1
2020-09-17,2020-09-18,Toronto District School Board,Charles G Fraser Junior Public School,Toronto,0,1,0,1
2020-09-17,2020-09-18,Toronto District School Board,Don Mills Middle School,Toronto,0,1,0,1
2020-09-17,2020-09-18,Toronto District School Board,Earl Haig Secondary School,Toronto,0,1,0,1
2020-09-17,2020-09-18,Toronto District School Board,School for Experiential Education,Toronto,0,1,0,1
2020-09-17,2020-09-18,Toronto District School Board,York Memorial Collegiate Institute,Toronto,1,0,0,1
2020-09-17,2020-09-18,Toronto District School Board,York Mills Collegiate Institute,Toronto,0,1,0,1
2020-09-17,2020-09-18,Waterloo Catholic District School Board,St Anne Catholic Elementary School ,Cambridge ,1,0,0,1
2020-09-17,2020-09-18,Waterloo Region District School Board,Edna Staebler Public School,Waterloo,0,1,0,1
2020-09-17,2020-09-18,Windsor-Essex Catholic District School Board,Stella Maris Catholic Elementary School,Amherstburg,1,0,0,1
2020-09-17,2020-09-18,York Region District School Board,Blue Willow Public School,Woodbridge,0,0,1,1
2020-09-17,2020-09-18,York Region District School Board,Dr. Roberta Bondar Public School,Maple,0,0,1,1
2020-09-17,2020-09-18,York Region District School Board,Little Rouge Public School,Markham,1,0,0,1
2020-09-17,2020-09-18,York Region District School Board,Sir Wilfrid Laurier Public School,Markham,0,0,1,1
2020-09-18,2020-09-21,Conseil des écoles catholiques du Centre-Est (CECCE),École élémentaire catholique Laurier-Carrière,Ottawa,1,0,0,1
2020-09-18,2020-09-21,Conseil des écoles catholiques du Centre-Est (CECCE),École élémentaire catholique Marius-Barbeau,Ottawa,0,1,0,1
2020-09-18,2020-09-21,Conseil des écoles catholiques du Centre-Est (CECCE),École élémentaire catholique Montfort,Ottawa,0,1,0,1
2020-09-18,2020-09-21,Conseil des écoles catholiques du Centre-Est (CECCE),École élémentaire catholique Roger-Saint-Denis,Ottawa,0,1,0,1
2020-09-18,2020-09-21,Conseil des écoles catholiques du Centre-Est (CECCE),École élémentaire catholique Sainte-Anne,Ottawa,1,0,0,1
2020-09-18,2020-09-21,Conseil des écoles catholiques du Centre-Est (CECCE),École élémentaire catholique Saint-François-d’Assise,Ottawa,2,0,0,2
2020-09-18,2020-09-21,Conseil des écoles catholiques du Centre-Est (CECCE),École intermédiaire catholique Franco-Ouest,Ottawa,3,0,0,3
2020-09-18,2020-09-21,Conseil des écoles publiques de l’Est de l’Ontario,École secondaire publique De La Salle,Ottawa,0,1,1,2
2020-09-18,2020-09-21,Conseil des écoles publiques de l’Est de l’Ontario,École élémentaire publique Gabrielle-Roy,Ottawa,0,0,2,2
2020-09-18,2020-09-21,Conseil Scolaire Viamonde,École Ronald-Marion,Pickering,0,1,0,1
2020-09-18,2020-09-21,Dufferin Peel Catholic District School Board,St. Joseph Secondary School,Mississauga,1,0,0,1
2020-09-18,2020-09-21,Durham District School Board,Mapleridge Public School,Pickering,1,0,0,1
2020-09-18,2020-09-21,Halton Catholic District School Board,St. Marguerite d’Youville Catholic Elementary School,Oakville,0,1,0,1
2020-09-18,2020-09-21,Halton District School Board,Oodeenawi Public School,Oakville,0,1,0,1
2020-09-18,2020-09-21,Peel District School Board,Briarwood Public School,Mississauga,0,1,0,1
2020-09-18,2020-09-21,Peel District School Board,John Fraser Secondary School,Mississauga,1,0,0,1
2020-09-18,2020-09-21,Peel District School Board,Louise Arbour Secondary School,Brampton,1,0,0,1
2020-09-18,2020-09-21,Peel District School Board,North Field Office,Brampton,0,1,0,1
2020-09-18,2020-09-21,Peel District School Board,Ross Drive Public School,Brampton,0,1,0,1
2020-09-18,2020-09-21,Peel District School Board,Ruth Thompson Middle School,Mississauga,0,0,1,1
2020-09-18,2020-09-21,Renfrew County District School Board,Fellowes High School,Pembroke,1,4,0,5
2020-09-18,2020-09-21,Toronto District School Board,Bloordale Middle School,Toronto,0,1,0,1
2020-09-18,2020-09-21,Toronto District School Board,Charles G Fraser Junior Public School,Toronto,0,1,0,1
2020-09-18,2020-09-21,Toronto District School Board,Don Mills Middle School,Toronto,0,1,0,1
2020-09-18,2020-09-21,Toronto District School Board,Earl Haig Secondary School,Toronto,0,1,0,1
2020-09-18,2020-09-21,Waterloo Region District School Board,Edna Staebler Public School,Waterloo,0,1,0,1
2020-09-18,2020-09-21,York Region District School Board,Little Rouge Public School,Markham,1,0,0,1
2020-09-18,2020-09-21,Peel District School Board,The Valleys Senior Public School,Mississauga,0,0,1,1
2020-09-18,2020-09-21,Toronto District School Board,York Mills Collegiate Institute,Toronto,0,1,0,1
2020-09-18,2020-09-21,Toronto District School Board,Brookhaven Public School,Toronto,0,1,0,1
2020-09-18,2020-09-21,Conseil des écoles catholiques du Centre-Est (CECCE),École élémentaire catholique d'enseignement personnalisé La Source,Ottawa,1,0,0,1
2020-09-18,2020-09-21,Ottawa Catholic District School Board,St Leonard Elementary School,Ottawa,2,0,0,2
2020-09-18,2020-09-21,Ottawa Catholic District School Board,Monsignor Paul Baxter Elementary School,Ottawa,1,0,0,1
2020-09-18,2020-09-21,Simcoe County District School Board,Twin Lakes Secondary School,Orillia,0,1,0,1
2020-09-18,2020-09-21,Windsor-Essex Catholic District School Board,Stella Maris Catholic Elementary School,Amherstburg,1,0,0,1
2020-09-18,2020-09-21,Toronto District School Board,School for Experiential Education,Toronto,0,1,0,1
2020-09-18,2020-09-21,Peel District School Board,Mountain Ash Public School,Brampton,0,0,1,1
2020-09-18,2020-09-21,Peel District School Board,Robert J. Lee Public School,Brampton,0,0,1,1
2020-09-18,2020-09-21,York Region District School Board,Blue Willow Public School,Woodbridge,0,0,1,1
2020-09-18,2020-09-21,Conseil des écoles catholiques du Centre-Est (CECCE),École élémentaire catholique Saint-Rémi,Ottawa,1,0,0,1
2020-09-18,2020-09-21,Conseil des écoles publiques de l’Est de l’Ontario,École secondaire publique Louis-Riel,Ottawa,0,0,1,1
2020-09-18,2020-09-21,Ottawa Catholic District School Board,Holy Cross Elementary School,Ottawa,1,0,0,1
2020-09-18,2020-09-21,Peel District School Board,Ingleborough Public School,Brampton,0,0,1,1
2020-09-18,2020-09-21,Peel District School Board,Tribune Drive Public School,Brampton,0,0,1,1
2020-09-18,2020-09-21,Peel District School Board,William Parkway Public School,Brampton,0,0,1,1
2020-09-18,2020-09-21,Peel District School Board,Edenrose Public School,Mississauga,0,0,1,1
2020-09-18,2020-09-21,Dufferin Peel Catholic District School Board,St. Raphael Elementary School,Mississauga,0,0,2,2
2020-09-18,2020-09-21,York Region District School Board,Dr. Roberta Bondar Public School,Maple,0,0,1,1
2020-09-18,2020-09-21,Waterloo Catholic District School Board,St Anne Catholic Elementary School ,Cambridge ,1,0,0,1
2020-09-18,2020-09-21,York Region District School Board,Sir Wilfrid Laurier Public School,Markham,0,0,1,1
2020-09-18,2020-09-21,Peel District School Board,Folkstone Public School,Brampton,0,0,1,1
2020-09-18,2020-09-21,Peel District School Board,Goldcrest Public School,Brampton,0,0,2,2
2020-09-18,2020-09-21,Halton District School Board,Emily Carr Public School,Oakville,0,0,1,1
2020-09-18,2020-09-21,Toronto District School Board,York Memorial Collegiate Institute,Toronto,1,0,0,1
2020-09-18,2020-09-21,Ottawa Catholic District School Board,Holy Spirit Elementary School,Ottawa,1,0,0,1
2020-09-18,2020-09-21,Conseil des écoles catholiques du Centre-Est (CECCE),École élémentaire catholique Saint-Jean-Paul II,Ottawa,1,0,0,1
2020-09-18,2020-09-21,Conseil des écoles publiques de l’Est de l’Ontario,École élémentaire publique Maurice-Lapointe,Ottawa,1,0,0,1
2020-09-18,2020-09-21,Durham District School Board,Nottingham Public School,Ajax,1,0,0,1
2020-09-18,2020-09-21,Halton Catholic District School Board,St. Thomas Aquinas Catholic Secondary School,Oakville,0,0,1,1
2020-09-18,2020-09-21,Dufferin Peel Catholic District School Board,St. Cecilia Elementary School,Brampton,0,0,1,1
2020-09-18,2020-09-21,York Region District School Board,Tommy Douglas Secondary School,Vaughan,0,0,1,1
2020-09-18,2020-09-21,York Region District School Board,Carrville Mills Public School,Thornhill,0,0,1,1
2020-09-18,2020-09-21,Niagara Catholic District School Board,Mary Ward Catholic Elementary School,Niagara Falls,0,1,0,1
2020-09-18,2020-09-21,Grand Erie District School Board,Russell Reid Elementary School,Brantford,0,1,0,1
2020-09-18,2020-09-21,Simcoe Muskoka Catholic District School Board,St. John Vianney Catholic School,Barrie,0,0,1,1
2020-09-18,2020-09-21,Keewatin-Patricia District School Board,Golden Learning Centre,Balmertown,1,0,0,1
2020-09-18,2020-09-21,Hamilton Wentworth Catholic District School Board,Bishop Tonnos Catholic Secondary School,Ancaster,1,0,0,1
2020-09-18,2020-09-21,Toronto Catholic District School Board,St. Basil- the-Great College School,Toronto,0,1,0,1
2020-09-18,2020-09-21,Conseil scolaire catholique Providence,École catholique secondaire l'Essor ,Windsor,1,0,0,1
2020-09-18,2020-09-21,Durham District School Board, Pine Ridge Secondary School,Pickering,2,0,0,2
2020-09-18,2020-09-21,Conseil des écoles catholiques du Centre-Est (CECCE),École élémentaire catholique Au Coeur d'Ottawa,Ottawa,1,0,0,1
2020-09-18,2020-09-21,Toronto District School Board,Richview Collegiate Intstitute,Toronto,1,0,0,1
2020-09-18,2020-09-21,Dufferin Peel Catholic District School Board,Loyola Catholic Secondary School,Mississauga,0,0,1,1
2020-09-18,2020-09-21,Dufferin Peel Catholic District School Board,Robert F. Hall Catholic Secondary School,Caledon,0,0,1,1
2020-09-18,2020-09-21,Peel District School Board,Plum Tree Park Public School,Mississauga,0,0,1,1
