Date,RHA,Daily_Cases,Cumulative_Cases,Active_Cases,Recoveries,Deaths,ObjectId
2020-03-13,All,2,2,2,0,0,1
2020-03-13,Interlake-Eastern,0,0,0,0,0,2
2020-03-13,Northern,0,0,0,0,0,3
2020-03-13,Prairie Mountain Health,0,0,0,0,0,4
2020-03-13,Southern Health-Santé Sud,0,0,0,0,0,5
2020-03-13,Winnipeg,2,2,2,0,0,6
2020-03-14,All,1,3,3,0,0,7
2020-03-14,Interlake-Eastern,0,0,0,0,0,8
2020-03-14,Northern,0,0,0,0,0,9
2020-03-14,Prairie Mountain Health,0,0,0,0,0,10
2020-03-14,Southern Health-Santé Sud,0,0,0,0,0,11
2020-03-14,Winnipeg,1,3,3,0,0,12
2020-03-15,All,0,3,3,0,0,13
2020-03-15,Interlake-Eastern,0,0,0,0,0,14
2020-03-15,Northern,0,0,0,0,0,15
2020-03-15,Prairie Mountain Health,0,0,0,0,0,16
2020-03-15,Southern Health-Santé Sud,0,0,0,0,0,17
2020-03-15,Winnipeg,0,3,3,0,0,18
2020-03-16,All,3,6,6,0,0,19
2020-03-16,Interlake-Eastern,1,1,1,0,0,20
2020-03-16,Northern,0,0,0,0,0,21
2020-03-16,Prairie Mountain Health,0,0,0,0,0,22
2020-03-16,Southern Health-Santé Sud,0,0,0,0,0,23
2020-03-16,Winnipeg,2,5,5,0,0,24
2020-03-17,All,1,7,7,0,0,25
2020-03-17,Interlake-Eastern,0,1,1,0,0,26
2020-03-17,Northern,0,0,0,0,0,27
2020-03-17,Prairie Mountain Health,0,0,0,0,0,28
2020-03-17,Southern Health-Santé Sud,0,0,0,0,0,29
2020-03-17,Winnipeg,1,6,6,0,0,30
2020-03-18,All,7,14,14,0,0,31
2020-03-18,Interlake-Eastern,0,1,1,0,0,32
2020-03-18,Northern,0,0,0,0,0,33
2020-03-18,Prairie Mountain Health,0,0,0,0,0,34
2020-03-18,Southern Health-Santé Sud,2,2,2,0,0,35
2020-03-18,Winnipeg,5,11,11,0,0,36
2020-03-19,All,1,15,14,1,0,37
2020-03-19,Interlake-Eastern,0,1,1,0,0,38
2020-03-19,Northern,0,0,0,0,0,39
2020-03-19,Prairie Mountain Health,0,0,0,1,0,40
2020-03-19,Southern Health-Santé Sud,0,2,2,0,0,41
2020-03-19,Winnipeg,1,12,12,0,0,42
2020-03-20,All,1,16,15,1,0,43
2020-03-20,Interlake-Eastern,0,1,1,0,0,44
2020-03-20,Northern,0,0,0,0,0,45
2020-03-20,Prairie Mountain Health,0,0,0,1,0,46
2020-03-20,Southern Health-Santé Sud,0,2,2,0,0,47
2020-03-20,Winnipeg,1,13,13,0,0,48
2020-03-21,All,0,16,15,1,0,49
2020-03-21,Interlake-Eastern,0,1,1,0,0,50
2020-03-21,Northern,0,0,0,0,0,51
2020-03-21,Prairie Mountain Health,0,0,0,1,0,52
2020-03-21,Southern Health-Santé Sud,0,2,2,0,0,53
2020-03-21,Winnipeg,0,13,13,0,0,54
2020-03-22,All,1,17,16,1,0,55
2020-03-22,Interlake-Eastern,0,1,1,0,0,56
2020-03-22,Northern,0,0,0,0,0,57
2020-03-22,Prairie Mountain Health,0,0,0,1,0,58
2020-03-22,Southern Health-Santé Sud,0,2,2,0,0,59
2020-03-22,Winnipeg,1,14,14,0,0,60
2020-03-23,All,3,20,18,2,0,61
2020-03-23,Interlake-Eastern,0,1,1,0,0,62
2020-03-23,Northern,0,0,0,0,0,63
2020-03-23,Prairie Mountain Health,0,0,0,1,0,64
2020-03-23,Southern Health-Santé Sud,0,2,2,0,0,65
2020-03-23,Winnipeg,3,17,16,1,0,66
2020-03-24,All,1,21,19,2,0,67
2020-03-24,Interlake-Eastern,0,1,1,0,0,68
2020-03-24,Northern,0,0,0,0,0,69
2020-03-24,Prairie Mountain Health,1,1,0,1,0,70
2020-03-24,Southern Health-Santé Sud,0,2,2,0,0,71
2020-03-24,Winnipeg,0,17,16,1,0,72
2020-03-25,All,6,27,23,4,0,73
2020-03-25,Interlake-Eastern,0,1,1,0,0,74
2020-03-25,Northern,0,0,0,0,0,75
2020-03-25,Prairie Mountain Health,0,1,0,1,0,76
2020-03-25,Southern Health-Santé Sud,1,3,3,0,0,77
2020-03-25,Winnipeg,5,22,19,3,0,78
2020-03-26,All,9,36,30,5,1,79
2020-03-26,Interlake-Eastern,0,1,1,0,0,80
2020-03-26,Northern,0,0,0,0,0,81
2020-03-26,Prairie Mountain Health,2,3,2,1,0,82
2020-03-26,Southern Health-Santé Sud,1,4,4,0,0,83
2020-03-26,Winnipeg,6,28,23,4,1,84
2020-03-27,All,27,63,55,7,1,85
2020-03-27,Interlake-Eastern,0,1,1,0,0,86
2020-03-27,Northern,0,0,0,0,0,87
2020-03-27,Prairie Mountain Health,0,3,2,1,0,88
2020-03-27,Southern Health-Santé Sud,1,5,3,2,0,89
2020-03-27,Winnipeg,26,54,49,4,1,90
2020-03-28,All,10,73,63,9,1,91
2020-03-28,Interlake-Eastern,2,3,3,0,0,92
2020-03-28,Northern,0,0,0,0,0,93
2020-03-28,Prairie Mountain Health,4,7,6,1,0,94
2020-03-28,Southern Health-Santé Sud,0,5,2,3,0,95
2020-03-28,Winnipeg,4,58,52,5,1,96
2020-03-29,All,23,96,85,10,1,97
2020-03-29,Interlake-Eastern,1,4,4,0,0,98
2020-03-29,Northern,1,1,1,0,0,99
2020-03-29,Prairie Mountain Health,2,9,8,1,0,100
2020-03-29,Southern Health-Santé Sud,1,6,3,3,0,101
2020-03-29,Winnipeg,18,76,69,6,1,102
2020-03-30,All,9,105,91,13,1,103
2020-03-30,Interlake-Eastern,0,4,4,0,0,104
2020-03-30,Northern,0,1,1,0,0,105
2020-03-30,Prairie Mountain Health,0,9,8,1,0,106
2020-03-30,Southern Health-Santé Sud,0,6,2,4,0,107
2020-03-30,Winnipeg,9,85,76,8,1,108
2020-03-31,All,27,132,114,17,1,109
2020-03-31,Interlake-Eastern,1,5,5,0,0,110
2020-03-31,Northern,0,1,1,0,0,111
2020-03-31,Prairie Mountain Health,1,10,9,1,0,112
2020-03-31,Southern Health-Santé Sud,2,8,4,4,0,113
2020-03-31,Winnipeg,23,108,95,12,1,114
2020-04-01,All,33,165,143,21,1,115
2020-04-01,Interlake-Eastern,3,8,8,0,0,116
2020-04-01,Northern,1,2,1,1,0,117
2020-04-01,Prairie Mountain Health,0,10,8,2,0,118
2020-04-01,Southern Health-Santé Sud,7,15,11,4,0,119
2020-04-01,Winnipeg,22,130,115,14,1,120
2020-04-02,All,16,181,154,25,2,121
2020-04-02,Interlake-Eastern,1,9,9,0,0,122
2020-04-02,Northern,0,2,1,1,0,123
2020-04-02,Prairie Mountain Health,1,11,9,2,0,124
2020-04-02,Southern Health-Santé Sud,4,19,15,4,0,125
2020-04-02,Winnipeg,10,140,120,18,2,126
2020-04-03,All,10,191,152,37,2,127
2020-04-03,Interlake-Eastern,2,11,10,1,0,128
2020-04-03,Northern,0,2,1,1,0,129
2020-04-03,Prairie Mountain Health,0,11,7,4,0,130
2020-04-03,Southern Health-Santé Sud,1,20,15,5,0,131
2020-04-03,Winnipeg,7,147,119,26,2,132
2020-04-04,All,11,202,162,38,2,133
2020-04-04,Interlake-Eastern,0,11,10,1,0,134
2020-04-04,Northern,0,2,1,1,0,135
2020-04-04,Prairie Mountain Health,0,11,7,4,0,136
2020-04-04,Southern Health-Santé Sud,4,24,18,6,0,137
2020-04-04,Winnipeg,7,154,126,26,2,138
2020-04-05,All,1,203,159,42,2,139
2020-04-05,Interlake-Eastern,0,11,10,1,0,140
2020-04-05,Northern,0,2,1,1,0,141
2020-04-05,Prairie Mountain Health,0,11,6,5,0,142
2020-04-05,Southern Health-Santé Sud,0,24,18,6,0,143
2020-04-05,Winnipeg,1,155,124,29,2,144
2020-04-06,All,13,216,140,73,3,145
2020-04-06,Interlake-Eastern,0,11,10,1,0,146
2020-04-06,Northern,1,3,2,1,0,147
2020-04-06,Prairie Mountain Health,0,11,4,7,0,148
2020-04-06,Southern Health-Santé Sud,0,24,18,6,0,149
2020-04-06,Winnipeg,12,167,106,58,3,150
2020-04-07,All,3,219,118,98,3,151
2020-04-07,Interlake-Eastern,2,13,12,1,0,152
2020-04-07,Northern,0,3,0,3,0,153
2020-04-07,Prairie Mountain Health,0,11,4,7,0,154
2020-04-07,Southern Health-Santé Sud,0,24,14,10,0,155
2020-04-07,Winnipeg,1,168,88,77,3,156
2020-04-08,All,2,221,102,116,3,157
2020-04-08,Interlake-Eastern,1,14,11,3,0,158
2020-04-08,Northern,0,3,0,3,0,159
2020-04-08,Prairie Mountain Health,0,11,4,7,0,160
2020-04-08,Southern Health-Santé Sud,0,24,14,10,0,161
2020-04-08,Winnipeg,1,169,73,93,3,162
2020-04-09,All,6,227,93,130,4,163
2020-04-09,Interlake-Eastern,2,16,12,4,0,164
2020-04-09,Northern,0,3,0,3,0,165
2020-04-09,Prairie Mountain Health,0,11,3,8,0,166
2020-04-09,Southern Health-Santé Sud,0,24,6,18,0,167
2020-04-09,Winnipeg,4,173,72,97,4,168
2020-04-10,All,12,239,94,141,4,169
2020-04-10,Interlake-Eastern,1,17,13,4,0,170
2020-04-10,Northern,0,3,0,3,0,171
2020-04-10,Prairie Mountain Health,0,11,2,9,0,172
2020-04-10,Southern Health-Santé Sud,3,27,4,23,0,173
2020-04-10,Winnipeg,8,181,75,102,4,174
2020-04-11,All,0,239,91,144,4,175
2020-04-11,Interlake-Eastern,0,17,13,4,0,176
2020-04-11,Northern,0,3,0,3,0,177
2020-04-11,Prairie Mountain Health,0,11,2,9,0,178
2020-04-11,Southern Health-Santé Sud,0,27,3,24,0,179
2020-04-11,Winnipeg,0,181,73,104,4,180
2020-04-12,All,2,241,88,149,4,181
2020-04-12,Interlake-Eastern,0,17,12,5,0,182
2020-04-12,Northern,0,3,0,3,0,183
2020-04-12,Prairie Mountain Health,0,11,2,9,0,184
2020-04-12,Southern Health-Santé Sud,1,28,4,24,0,185
2020-04-12,Winnipeg,1,182,70,108,4,186
2020-04-13,All,0,241,80,156,5,187
2020-04-13,Interlake-Eastern,0,17,11,6,0,188
2020-04-13,Northern,0,3,0,3,0,189
2020-04-13,Prairie Mountain Health,0,11,1,9,1,190
2020-04-13,Southern Health-Santé Sud,0,28,3,25,0,191
2020-04-13,Winnipeg,0,182,65,113,4,192
2020-04-14,All,3,244,67,172,5,193
2020-04-14,Interlake-Eastern,1,18,8,10,0,194
2020-04-14,Northern,0,3,0,3,0,195
2020-04-14,Prairie Mountain Health,1,12,2,9,1,196
2020-04-14,Southern Health-Santé Sud,0,28,2,26,0,197
2020-04-14,Winnipeg,1,183,55,124,4,198
2020-04-15,All,4,248,59,184,5,199
2020-04-15,Interlake-Eastern,1,19,7,12,0,200
2020-04-15,Northern,0,3,0,3,0,201
2020-04-15,Prairie Mountain Health,0,12,2,9,1,202
2020-04-15,Southern Health-Santé Sud,0,28,2,26,0,203
2020-04-15,Winnipeg,3,186,48,134,4,204
2020-04-16,All,1,249,48,196,5,205
2020-04-16,Interlake-Eastern,0,19,6,13,0,206
2020-04-16,Northern,0,3,0,3,0,207
2020-04-16,Prairie Mountain Health,0,12,0,11,1,208
2020-04-16,Southern Health-Santé Sud,0,28,2,26,0,209
2020-04-16,Winnipeg,1,187,40,143,4,210
2020-04-17,All,5,254,42,207,5,211
2020-04-17,Interlake-Eastern,0,19,4,15,0,212
2020-04-17,Northern,0,3,0,3,0,213
2020-04-17,Prairie Mountain Health,1,13,1,11,1,214
2020-04-17,Southern Health-Santé Sud,0,28,2,26,0,215
2020-04-17,Winnipeg,4,191,35,152,4,216
2020-04-18,All,2,256,43,208,5,217
2020-04-18,Interlake-Eastern,0,19,3,16,0,218
2020-04-18,Northern,0,3,0,3,0,219
2020-04-18,Prairie Mountain Health,0,13,1,11,1,220
2020-04-18,Southern Health-Santé Sud,0,28,2,26,0,221
2020-04-18,Winnipeg,2,193,37,152,4,222
2020-04-19,All,1,257,44,208,5,223
2020-04-19,Interlake-Eastern,0,19,3,16,0,224
2020-04-19,Northern,0,3,0,3,0,225
2020-04-19,Prairie Mountain Health,0,13,1,11,1,226
2020-04-19,Southern Health-Santé Sud,0,28,2,26,0,227
2020-04-19,Winnipeg,1,194,38,152,4,228
2020-04-20,All,1,258,38,214,6,229
2020-04-20,Interlake-Eastern,0,19,3,16,0,230
2020-04-20,Northern,0,3,0,3,0,231
2020-04-20,Prairie Mountain Health,0,13,1,11,1,232
2020-04-20,Southern Health-Santé Sud,0,28,2,26,0,233
2020-04-20,Winnipeg,1,195,32,158,5,234
2020-04-21,All,0,258,29,223,6,235
2020-04-21,Interlake-Eastern,0,19,2,17,0,236
2020-04-21,Northern,0,3,0,3,0,237
2020-04-21,Prairie Mountain Health,0,13,1,11,1,238
2020-04-21,Southern Health-Santé Sud,0,28,2,26,0,239
2020-04-21,Winnipeg,0,195,24,166,5,240
2020-04-22,All,3,261,25,230,6,241
2020-04-22,Interlake-Eastern,0,19,2,17,0,242
2020-04-22,Northern,0,3,0,3,0,243
2020-04-22,Prairie Mountain Health,0,13,1,11,1,244
2020-04-22,Southern Health-Santé Sud,0,28,2,26,0,245
2020-04-22,Winnipeg,3,198,20,173,5,246
2020-04-23,All,2,263,26,231,6,247
2020-04-23,Interlake-Eastern,0,19,2,17,0,248
2020-04-23,Northern,0,3,0,3,0,249
2020-04-23,Prairie Mountain Health,0,13,1,11,1,250
2020-04-23,Southern Health-Santé Sud,1,29,3,26,0,251
2020-04-23,Winnipeg,1,199,20,174,5,252
2020-04-24,All,3,266,23,237,6,253
2020-04-24,Interlake-Eastern,0,19,1,18,0,254
2020-04-24,Northern,0,3,0,3,0,255
2020-04-24,Prairie Mountain Health,1,14,1,12,1,256
2020-04-24,Southern Health-Santé Sud,0,29,2,27,0,257
2020-04-24,Winnipeg,2,201,19,177,5,258
2020-04-25,All,4,270,26,238,6,259
2020-04-25,Interlake-Eastern,0,19,1,18,0,260
2020-04-25,Northern,0,3,0,3,0,261
2020-04-25,Prairie Mountain Health,0,14,1,12,1,262
2020-04-25,Southern Health-Santé Sud,1,30,3,27,0,263
2020-04-25,Winnipeg,3,204,21,178,5,264
2020-04-26,All,1,271,27,238,6,265
2020-04-26,Interlake-Eastern,0,19,1,18,0,266
2020-04-26,Northern,0,3,0,3,0,267
2020-04-26,Prairie Mountain Health,0,14,1,12,1,268
2020-04-26,Southern Health-Santé Sud,0,30,3,27,0,269
2020-04-26,Winnipeg,1,205,22,178,5,270
2020-04-27,All,2,273,28,239,6,271
2020-04-27,Interlake-Eastern,0,19,1,18,0,272
2020-04-27,Northern,0,3,0,3,0,273
2020-04-27,Prairie Mountain Health,1,15,2,12,1,274
2020-04-27,Southern Health-Santé Sud,0,30,3,27,0,275
2020-04-27,Winnipeg,1,206,22,179,5,276
2020-04-28,All,0,273,22,245,6,277
2020-04-28,Interlake-Eastern,0,19,1,18,0,278
2020-04-28,Northern,0,3,0,3,0,279
2020-04-28,Prairie Mountain Health,0,15,1,13,1,280
2020-04-28,Southern Health-Santé Sud,0,30,3,27,0,281
2020-04-28,Winnipeg,0,206,17,184,5,282
2020-04-29,All,1,274,21,247,6,283
2020-04-29,Interlake-Eastern,0,19,1,18,0,284
2020-04-29,Northern,0,3,0,3,0,285
2020-04-29,Prairie Mountain Health,0,15,1,13,1,286
2020-04-29,Southern Health-Santé Sud,0,30,3,27,0,287
2020-04-29,Winnipeg,1,207,16,186,5,288
2020-04-30,All,4,278,23,249,6,289
2020-04-30,Interlake-Eastern,0,19,1,18,0,290
2020-04-30,Northern,0,3,0,3,0,291
2020-04-30,Prairie Mountain Health,2,17,3,13,1,292
2020-04-30,Southern Health-Santé Sud,0,30,2,28,0,293
2020-04-30,Winnipeg,2,209,17,187,5,294
2020-05-01,All,1,279,22,251,6,295
2020-05-01,Interlake-Eastern,0,19,1,18,0,296
2020-05-01,Northern,0,3,0,3,0,297
2020-05-01,Prairie Mountain Health,0,17,3,13,1,298
2020-05-01,Southern Health-Santé Sud,0,30,2,28,0,299
2020-05-01,Winnipeg,1,210,16,189,5,300
2020-05-02,All,1,280,23,251,6,301
2020-05-02,Interlake-Eastern,0,19,1,18,0,302
2020-05-02,Northern,0,3,0,3,0,303
2020-05-02,Prairie Mountain Health,1,18,4,13,1,304
2020-05-02,Southern Health-Santé Sud,0,30,2,28,0,305
2020-05-02,Winnipeg,0,210,16,189,5,306
2020-05-03,All,0,280,22,252,6,307
2020-05-03,Interlake-Eastern,0,19,1,18,0,308
2020-05-03,Northern,0,3,0,3,0,309
2020-05-03,Prairie Mountain Health,0,18,4,13,1,310
2020-05-03,Southern Health-Santé Sud,0,30,1,29,0,311
2020-05-03,Winnipeg,0,210,16,189,5,312
2020-05-04,All,1,281,19,255,7,313
2020-05-04,Interlake-Eastern,0,19,1,18,0,314
2020-05-04,Northern,0,3,0,3,0,315
2020-05-04,Prairie Mountain Health,1,19,5,13,1,316
2020-05-04,Southern Health-Santé Sud,0,30,0,29,1,317
2020-05-04,Winnipeg,0,210,13,192,5,318
2020-05-05,All,2,283,20,256,7,319
2020-05-05,Interlake-Eastern,0,19,1,18,0,320
2020-05-05,Northern,0,3,0,3,0,321
2020-05-05,Prairie Mountain Health,2,21,7,13,1,322
2020-05-05,Southern Health-Santé Sud,0,30,0,29,1,323
2020-05-05,Winnipeg,0,210,12,193,5,324
2020-05-06,All,0,283,16,260,7,325
2020-05-06,Interlake-Eastern,0,19,0,19,0,326
2020-05-06,Northern,0,3,0,3,0,327
2020-05-06,Prairie Mountain Health,0,21,7,13,1,328
2020-05-06,Southern Health-Santé Sud,0,30,0,29,1,329
2020-05-06,Winnipeg,0,210,9,196,5,330
2020-05-07,All,1,284,16,261,7,331
2020-05-07,Interlake-Eastern,0,19,0,19,0,332
2020-05-07,Northern,0,3,0,3,0,333
2020-05-07,Prairie Mountain Health,1,22,7,14,1,334
2020-05-07,Southern Health-Santé Sud,0,30,0,29,1,335
2020-05-07,Winnipeg,0,210,9,196,5,336
2020-05-08,All,1,285,15,263,7,337
2020-05-08,Interlake-Eastern,0,19,0,19,0,338
2020-05-08,Northern,0,3,0,3,0,339
2020-05-08,Prairie Mountain Health,0,22,7,14,1,340
2020-05-08,Southern Health-Santé Sud,0,30,0,29,1,341
2020-05-08,Winnipeg,1,211,8,198,5,342
2020-05-09,All,2,287,16,264,7,343
2020-05-09,Interlake-Eastern,0,19,0,19,0,344
2020-05-09,Northern,0,3,0,3,0,345
2020-05-09,Prairie Mountain Health,2,24,9,14,1,346
2020-05-09,Southern Health-Santé Sud,0,30,0,29,1,347
2020-05-09,Winnipeg,0,211,7,199,5,348
2020-05-10,All,2,289,18,264,7,349
2020-05-10,Interlake-Eastern,0,19,0,19,0,350
2020-05-10,Northern,0,3,0,3,0,351
2020-05-10,Prairie Mountain Health,2,26,11,14,1,352
2020-05-10,Southern Health-Santé Sud,0,30,0,29,1,353
2020-05-10,Winnipeg,0,211,7,199,5,354
2020-05-11,All,0,289,16,266,7,355
2020-05-11,Interlake-Eastern,0,19,0,19,0,356
2020-05-11,Northern,0,3,0,3,0,357
2020-05-11,Prairie Mountain Health,0,26,10,15,1,358
2020-05-11,Southern Health-Santé Sud,0,30,0,29,1,359
2020-05-11,Winnipeg,0,211,6,200,5,360
2020-05-12,All,0,289,15,267,7,361
2020-05-12,Interlake-Eastern,0,19,0,19,0,362
2020-05-12,Northern,0,3,0,3,0,363
2020-05-12,Prairie Mountain Health,0,26,10,15,1,364
2020-05-12,Southern Health-Santé Sud,0,30,0,29,1,365
2020-05-12,Winnipeg,0,211,5,201,5,366
2020-05-13,All,0,289,13,269,7,367
2020-05-13,Interlake-Eastern,0,19,0,19,0,368
2020-05-13,Northern,0,3,0,3,0,369
2020-05-13,Prairie Mountain Health,0,26,9,16,1,370
2020-05-13,Southern Health-Santé Sud,0,30,0,29,1,371
2020-05-13,Winnipeg,0,211,4,202,5,372
2020-05-14,All,0,289,12,270,7,373
2020-05-14,Interlake-Eastern,0,19,0,19,0,374
2020-05-14,Northern,0,3,0,3,0,375
2020-05-14,Prairie Mountain Health,0,26,9,16,1,376
2020-05-14,Southern Health-Santé Sud,0,30,0,29,1,377
2020-05-14,Winnipeg,0,211,3,203,5,378
2020-05-15,All,0,289,9,273,7,379
2020-05-15,Interlake-Eastern,0,19,0,19,0,380
2020-05-15,Northern,0,3,0,3,0,381
2020-05-15,Prairie Mountain Health,0,26,8,17,1,382
2020-05-15,Southern Health-Santé Sud,0,30,0,29,1,383
2020-05-15,Winnipeg,0,211,1,205,5,384
2020-05-16,All,0,289,9,273,7,385
2020-05-16,Interlake-Eastern,0,19,0,19,0,386
2020-05-16,Northern,0,3,0,3,0,387
2020-05-16,Prairie Mountain Health,0,26,8,17,1,388
2020-05-16,Southern Health-Santé Sud,0,30,0,29,1,389
2020-05-16,Winnipeg,0,211,1,205,5,390
2020-05-17,All,1,290,8,275,7,391
2020-05-17,Interlake-Eastern,0,19,0,19,0,392
2020-05-17,Northern,0,3,0,3,0,393
2020-05-17,Prairie Mountain Health,0,26,6,19,1,394
2020-05-17,Southern Health-Santé Sud,0,30,0,29,1,395
2020-05-17,Winnipeg,1,212,2,205,5,396
2020-05-18,All,0,290,8,275,7,397
2020-05-18,Interlake-Eastern,0,19,0,19,0,398
2020-05-18,Northern,0,3,0,3,0,399
2020-05-18,Prairie Mountain Health,0,26,6,19,1,400
2020-05-18,Southern Health-Santé Sud,0,30,0,29,1,401
2020-05-18,Winnipeg,0,212,2,205,5,402
2020-05-19,All,0,290,7,276,7,403
2020-05-19,Interlake-Eastern,0,19,0,19,0,404
2020-05-19,Northern,0,3,0,3,0,405
2020-05-19,Prairie Mountain Health,0,26,6,19,1,406
2020-05-19,Southern Health-Santé Sud,0,30,0,29,1,407
2020-05-19,Winnipeg,0,212,1,206,5,408
2020-05-20,All,0,290,2,281,7,409
2020-05-20,Interlake-Eastern,0,19,0,19,0,410
2020-05-20,Northern,0,3,0,3,0,411
2020-05-20,Prairie Mountain Health,0,26,1,24,1,412
2020-05-20,Southern Health-Santé Sud,0,30,0,29,1,413
2020-05-20,Winnipeg,0,212,1,206,5,414
2020-05-21,All,2,292,4,281,7,415
2020-05-21,Interlake-Eastern,0,19,0,19,0,416
2020-05-21,Northern,0,3,0,3,0,417
2020-05-21,Prairie Mountain Health,0,26,1,24,1,418
2020-05-21,Southern Health-Santé Sud,0,30,0,29,1,419
2020-05-21,Winnipeg,2,214,3,206,5,420
2020-05-22,All,0,292,3,282,7,421
2020-05-22,Interlake-Eastern,0,19,0,19,0,422
2020-05-22,Northern,0,3,0,3,0,423
2020-05-22,Prairie Mountain Health,0,26,0,25,1,424
2020-05-22,Southern Health-Santé Sud,0,30,0,29,1,425
2020-05-22,Winnipeg,0,214,3,206,5,426
2020-05-23,All,0,292,3,282,7,427
2020-05-23,Interlake-Eastern,0,19,0,19,0,428
2020-05-23,Northern,0,3,0,3,0,429
2020-05-23,Prairie Mountain Health,0,26,0,25,1,430
2020-05-23,Southern Health-Santé Sud,0,30,0,29,1,431
2020-05-23,Winnipeg,0,214,3,206,5,432
2020-05-24,All,0,292,3,282,7,433
2020-05-24,Interlake-Eastern,0,19,0,19,0,434
2020-05-24,Northern,0,3,0,3,0,435
2020-05-24,Prairie Mountain Health,0,26,0,25,1,436
2020-05-24,Southern Health-Santé Sud,0,30,0,29,1,437
2020-05-24,Winnipeg,0,214,3,206,5,438
2020-05-25,All,0,292,2,283,7,439
2020-05-25,Interlake-Eastern,0,19,0,19,0,440
2020-05-25,Northern,0,3,0,3,0,441
2020-05-25,Prairie Mountain Health,0,26,0,25,1,442
2020-05-25,Southern Health-Santé Sud,0,30,0,29,1,443
2020-05-25,Winnipeg,0,214,2,207,5,444
2020-05-26,All,2,294,4,283,7,445
2020-05-26,Interlake-Eastern,0,19,0,19,0,446
2020-05-26,Northern,0,3,0,3,0,447
2020-05-26,Prairie Mountain Health,0,26,0,25,1,448
2020-05-26,Southern Health-Santé Sud,0,30,0,29,1,449
2020-05-26,Winnipeg,2,216,4,207,5,450
2020-05-27,All,0,294,4,283,7,451
2020-05-27,Interlake-Eastern,0,19,0,19,0,452
2020-05-27,Northern,0,3,0,3,0,453
2020-05-27,Prairie Mountain Health,0,26,0,25,1,454
2020-05-27,Southern Health-Santé Sud,0,30,0,29,1,455
2020-05-27,Winnipeg,0,216,4,207,5,456
2020-05-28,All,0,294,4,283,7,457
2020-05-28,Interlake-Eastern,0,19,0,19,0,458
2020-05-28,Northern,0,3,0,3,0,459
2020-05-28,Prairie Mountain Health,0,26,0,25,1,460
2020-05-28,Southern Health-Santé Sud,0,30,0,29,1,461
2020-05-28,Winnipeg,0,216,4,207,5,462
2020-05-29,All,0,294,4,283,7,463
2020-05-29,Interlake-Eastern,0,19,0,19,0,464
2020-05-29,Northern,0,3,0,3,0,465
2020-05-29,Prairie Mountain Health,0,26,0,25,1,466
2020-05-29,Southern Health-Santé Sud,0,30,0,29,1,467
2020-05-29,Winnipeg,0,216,4,207,5,468
2020-05-30,All,1,295,5,283,7,469
2020-05-30,Interlake-Eastern,0,19,0,19,0,470
2020-05-30,Northern,0,3,0,3,0,471
2020-05-30,Prairie Mountain Health,0,26,0,25,1,472
2020-05-30,Southern Health-Santé Sud,1,31,1,29,1,473
2020-05-30,Winnipeg,0,216,4,207,5,474
2020-05-31,All,0,295,5,283,7,475
2020-05-31,Interlake-Eastern,0,19,0,19,0,476
2020-05-31,Northern,0,3,0,3,0,477
2020-05-31,Prairie Mountain Health,0,26,0,25,1,478
2020-05-31,Southern Health-Santé Sud,0,31,1,29,1,479
2020-05-31,Winnipeg,0,216,4,207,5,480
2020-06-01,All,3,298,8,283,7,481
2020-06-01,Interlake-Eastern,0,19,0,19,0,482
2020-06-01,Northern,0,3,0,3,0,483
2020-06-01,Prairie Mountain Health,0,26,0,25,1,484
2020-06-01,Southern Health-Santé Sud,3,34,4,29,1,485
2020-06-01,Winnipeg,0,216,4,207,5,486
2020-06-02,All,0,298,6,285,7,487
2020-06-02,Interlake-Eastern,0,19,0,19,0,488
2020-06-02,Northern,0,3,0,3,0,489
2020-06-02,Prairie Mountain Health,0,26,0,25,1,490
2020-06-02,Southern Health-Santé Sud,0,34,4,29,1,491
2020-06-02,Winnipeg,0,216,2,209,5,492
2020-06-03,All,2,300,8,285,7,493
2020-06-03,Interlake-Eastern,0,19,0,19,0,494
2020-06-03,Northern,0,3,0,3,0,495
2020-06-03,Prairie Mountain Health,0,26,0,25,1,496
2020-06-03,Southern Health-Santé Sud,0,34,4,29,1,497
2020-06-03,Winnipeg,2,218,4,209,5,498
2020-06-04,All,0,300,8,285,7,499
2020-06-04,Interlake-Eastern,0,19,0,19,0,500
2020-06-04,Northern,0,3,0,3,0,501
2020-06-04,Prairie Mountain Health,0,26,0,25,1,502
2020-06-04,Southern Health-Santé Sud,0,34,4,29,1,503
2020-06-04,Winnipeg,0,218,4,209,5,504
2020-06-05,All,0,300,8,285,7,505
2020-06-05,Interlake-Eastern,0,19,0,19,0,506
2020-06-05,Northern,0,3,0,3,0,507
2020-06-05,Prairie Mountain Health,0,26,0,25,1,508
2020-06-05,Southern Health-Santé Sud,0,34,4,29,1,509
2020-06-05,Winnipeg,0,218,4,209,5,510
2020-06-06,All,0,300,8,285,7,511
2020-06-06,Interlake-Eastern,0,19,0,19,0,512
2020-06-06,Northern,0,3,0,3,0,513
2020-06-06,Prairie Mountain Health,0,26,0,25,1,514
2020-06-06,Southern Health-Santé Sud,0,34,4,29,1,515
2020-06-06,Winnipeg,0,218,4,209,5,516
2020-06-07,All,0,300,8,285,7,517
2020-06-07,Interlake-Eastern,0,19,0,19,0,518
2020-06-07,Northern,0,3,0,3,0,519
2020-06-07,Prairie Mountain Health,0,26,0,25,1,520
2020-06-07,Southern Health-Santé Sud,0,34,4,29,1,521
2020-06-07,Winnipeg,0,218,4,209,5,522
2020-06-08,All,0,300,5,288,7,523
2020-06-08,Interlake-Eastern,0,19,0,19,0,524
2020-06-08,Northern,0,3,0,3,0,525
2020-06-08,Prairie Mountain Health,0,26,0,25,1,526
2020-06-08,Southern Health-Santé Sud,0,34,3,30,1,527
2020-06-08,Winnipeg,0,218,2,211,5,528
2020-06-09,All,0,300,5,288,7,529
2020-06-09,Interlake-Eastern,0,19,0,19,0,530
2020-06-09,Northern,0,3,0,3,0,531
2020-06-09,Prairie Mountain Health,0,26,0,25,1,532
2020-06-09,Southern Health-Santé Sud,0,34,3,30,1,533
2020-06-09,Winnipeg,0,218,2,211,5,534
2020-06-10,All,0,300,5,288,7,535
2020-06-10,Interlake-Eastern,0,19,0,19,0,536
2020-06-10,Northern,0,3,0,3,0,537
2020-06-10,Prairie Mountain Health,0,26,0,25,1,538
2020-06-10,Southern Health-Santé Sud,0,34,3,30,1,539
2020-06-10,Winnipeg,0,218,2,211,5,540
2020-06-11,All,1,301,5,289,7,541
2020-06-11,Interlake-Eastern,0,19,0,19,0,542
2020-06-11,Northern,0,3,0,3,0,543
2020-06-11,Prairie Mountain Health,0,26,0,25,1,544
2020-06-11,Southern Health-Santé Sud,0,34,3,30,1,545
2020-06-11,Winnipeg,1,219,2,212,5,546
2020-06-12,All,2,303,7,289,7,547
2020-06-12,Interlake-Eastern,0,19,0,19,0,548
2020-06-12,Northern,0,3,0,3,0,549
2020-06-12,Prairie Mountain Health,0,26,0,25,1,550
2020-06-12,Southern Health-Santé Sud,0,34,3,30,1,551
2020-06-12,Winnipeg,2,221,4,212,5,552
2020-06-13,All,1,304,5,292,7,553
2020-06-13,Interlake-Eastern,0,19,0,19,0,554
2020-06-13,Northern,0,3,0,3,0,555
2020-06-13,Prairie Mountain Health,0,26,0,25,1,556
2020-06-13,Southern Health-Santé Sud,0,34,0,33,1,557
2020-06-13,Winnipeg,1,222,5,212,5,558
2020-06-14,All,0,304,5,292,7,559
2020-06-14,Interlake-Eastern,0,19,0,19,0,560
2020-06-14,Northern,0,3,0,3,0,561
2020-06-14,Prairie Mountain Health,0,26,0,25,1,562
2020-06-14,Southern Health-Santé Sud,0,34,0,33,1,563
2020-06-14,Winnipeg,0,222,5,212,5,564
2020-06-15,All,0,304,4,293,7,565
2020-06-15,Interlake-Eastern,0,19,0,19,0,566
2020-06-15,Northern,0,3,0,3,0,567
2020-06-15,Prairie Mountain Health,0,26,0,25,1,568
2020-06-15,Southern Health-Santé Sud,0,34,0,33,1,569
2020-06-15,Winnipeg,0,222,4,213,5,570
2020-06-16,All,2,306,6,293,7,571
2020-06-16,Interlake-Eastern,0,19,0,19,0,572
2020-06-16,Northern,0,3,0,3,0,573
2020-06-16,Prairie Mountain Health,0,26,0,25,1,574
2020-06-16,Southern Health-Santé Sud,0,34,0,33,1,575
2020-06-16,Winnipeg,2,224,6,213,5,576
2020-06-17,All,2,308,8,293,7,577
2020-06-17,Interlake-Eastern,0,19,0,19,0,578
2020-06-17,Northern,0,3,0,3,0,579
2020-06-17,Prairie Mountain Health,0,26,0,25,1,580
2020-06-17,Southern Health-Santé Sud,0,34,0,33,1,581
2020-06-17,Winnipeg,2,226,8,213,5,582
2020-06-18,All,1,309,9,293,7,583
2020-06-18,Interlake-Eastern,0,19,0,19,0,584
2020-06-18,Northern,0,3,0,3,0,585
2020-06-18,Prairie Mountain Health,0,26,0,25,1,586
2020-06-18,Southern Health-Santé Sud,0,34,0,33,1,587
2020-06-18,Winnipeg,1,227,9,213,5,588
2020-06-19,All,4,313,13,293,7,589
2020-06-19,Interlake-Eastern,0,19,0,19,0,590
2020-06-19,Northern,0,3,0,3,0,591
2020-06-19,Prairie Mountain Health,0,26,0,25,1,592
2020-06-19,Southern Health-Santé Sud,2,36,2,33,1,593
2020-06-19,Winnipeg,2,229,11,213,5,594
2020-06-20,All,0,313,13,293,7,595
2020-06-20,Interlake-Eastern,0,19,0,19,0,596
2020-06-20,Northern,0,3,0,3,0,597
2020-06-20,Prairie Mountain Health,0,26,0,25,1,598
2020-06-20,Southern Health-Santé Sud,0,36,2,33,1,599
2020-06-20,Winnipeg,0,229,11,213,5,600
2020-06-21,All,1,314,14,293,7,601
2020-06-21,Interlake-Eastern,0,19,0,19,0,602
2020-06-21,Northern,0,3,0,3,0,603
2020-06-21,Prairie Mountain Health,0,26,0,25,1,604
2020-06-21,Southern Health-Santé Sud,1,37,3,33,1,605
2020-06-21,Winnipeg,0,229,11,213,5,606
2020-06-22,All,1,315,14,294,7,607
2020-06-22,Interlake-Eastern,0,19,0,19,0,608
2020-06-22,Northern,0,3,0,3,0,609
2020-06-22,Prairie Mountain Health,0,26,0,25,1,610
2020-06-22,Southern Health-Santé Sud,0,37,3,33,1,611
2020-06-22,Winnipeg,1,230,11,214,5,612
2020-06-23,All,0,315,13,295,7,613
2020-06-23,Interlake-Eastern,0,19,0,19,0,614
2020-06-23,Northern,0,3,0,3,0,615
2020-06-23,Prairie Mountain Health,0,26,0,25,1,616
2020-06-23,Southern Health-Santé Sud,0,37,3,33,1,617
2020-06-23,Winnipeg,0,230,10,215,5,618
2020-06-24,All,1,316,11,298,7,619
2020-06-24,Interlake-Eastern,0,19,0,19,0,620
2020-06-24,Northern,0,3,0,3,0,621
2020-06-24,Prairie Mountain Health,0,26,0,25,1,622
2020-06-24,Southern Health-Santé Sud,1,38,4,33,1,623
2020-06-24,Winnipeg,0,230,7,218,5,624
2020-06-25,All,2,318,9,302,7,625
2020-06-25,Interlake-Eastern,0,19,0,19,0,626
2020-06-25,Northern,0,3,0,3,0,627
2020-06-25,Prairie Mountain Health,0,26,0,25,1,628
2020-06-25,Southern Health-Santé Sud,0,38,2,35,1,629
2020-06-25,Winnipeg,2,232,7,220,5,630
2020-06-26,All,4,322,12,303,7,631
2020-06-26,Interlake-Eastern,0,19,0,19,0,632
2020-06-26,Northern,0,3,0,3,0,633
2020-06-26,Prairie Mountain Health,0,26,0,26,1,634
2020-06-26,Southern Health-Santé Sud,2,40,4,35,1,635
2020-06-26,Winnipeg,2,234,9,220,5,636
2020-06-27,All,0,322,9,306,7,637
2020-06-27,Interlake-Eastern,0,19,0,19,0,638
2020-06-27,Northern,0,3,0,3,0,639
2020-06-27,Prairie Mountain Health,0,26,0,26,1,640
2020-06-27,Southern Health-Santé Sud,0,40,4,35,1,641
2020-06-27,Winnipeg,0,234,6,223,5,642
2020-06-28,All,2,324,11,306,7,643
2020-06-28,Interlake-Eastern,0,19,0,19,0,644
2020-06-28,Northern,0,3,0,3,0,645
2020-06-28,Prairie Mountain Health,0,26,0,26,1,646
2020-06-28,Southern Health-Santé Sud,0,40,4,35,1,647
2020-06-28,Winnipeg,2,236,8,223,5,648
2020-06-29,All,1,325,11,307,7,649
2020-06-29,Interlake-Eastern,0,19,0,19,0,650
2020-06-29,Northern,0,3,0,3,0,651
2020-06-29,Prairie Mountain Health,0,26,0,26,1,652
2020-06-29,Southern Health-Santé Sud,0,40,4,35,1,653
2020-06-29,Winnipeg,1,237,8,224,5,654
2020-06-30,All,0,325,9,309,7,655
2020-06-30,Interlake-Eastern,0,19,0,19,0,656
2020-06-30,Northern,0,3,0,3,0,657
2020-06-30,Prairie Mountain Health,0,26,0,26,1,658
2020-06-30,Southern Health-Santé Sud,0,40,2,37,1,659
2020-06-30,Winnipeg,0,237,8,224,5,660
2020-07-01,All,0,325,9,309,7,661
2020-07-01,Interlake-Eastern,0,19,0,19,0,662
2020-07-01,Northern,0,3,0,3,0,663
2020-07-01,Prairie Mountain Health,0,26,0,26,1,664
2020-07-01,Southern Health-Santé Sud,0,40,2,37,1,665
2020-07-01,Winnipeg,0,237,8,224,5,666
2020-07-02,All,0,325,8,310,7,667
2020-07-02,Interlake-Eastern,0,19,0,19,0,668
2020-07-02,Northern,0,3,0,3,0,669
2020-07-02,Prairie Mountain Health,0,26,0,26,1,670
2020-07-02,Southern Health-Santé Sud,0,40,2,37,1,671
2020-07-02,Winnipeg,0,237,7,225,5,672
2020-07-03,All,0,325,6,312,7,673
2020-07-03,Interlake-Eastern,0,19,0,19,0,674
2020-07-03,Northern,0,3,0,3,0,675
2020-07-03,Prairie Mountain Health,0,26,0,26,1,676
2020-07-03,Southern Health-Santé Sud,0,40,0,39,1,677
2020-07-03,Winnipeg,0,237,7,225,5,678
2020-07-04,All,0,325,4,314,7,679
2020-07-04,Interlake-Eastern,0,19,0,19,0,680
2020-07-04,Northern,0,3,0,3,0,681
2020-07-04,Prairie Mountain Health,0,26,0,26,1,682
2020-07-04,Southern Health-Santé Sud,0,40,0,39,1,683
2020-07-04,Winnipeg,0,237,5,227,5,684
2020-07-05,All,0,325,3,315,7,685
2020-07-05,Interlake-Eastern,0,19,0,19,0,686
2020-07-05,Northern,0,3,0,3,0,687
2020-07-05,Prairie Mountain Health,0,26,0,26,1,688
2020-07-05,Southern Health-Santé Sud,0,40,0,39,1,689
2020-07-05,Winnipeg,0,237,4,228,5,690
2020-07-06,All,0,325,3,315,7,691
2020-07-06,Interlake-Eastern,0,19,0,19,0,692
2020-07-06,Northern,0,3,0,3,0,693
2020-07-06,Prairie Mountain Health,0,26,0,26,1,694
2020-07-06,Southern Health-Santé Sud,0,40,0,39,1,695
2020-07-06,Winnipeg,0,237,4,228,5,696
2020-07-07,All,0,325,1,317,7,697
2020-07-07,Interlake-Eastern,0,19,0,19,0,698
2020-07-07,Northern,0,3,0,3,0,699
2020-07-07,Prairie Mountain Health,0,26,0,26,1,700
2020-07-07,Southern Health-Santé Sud,0,40,0,41,1,701
2020-07-07,Winnipeg,0,237,4,228,5,702
2020-07-08,All,0,325,0,318,7,703
2020-07-08,Interlake-Eastern,0,19,0,19,0,704
2020-07-08,Northern,0,3,0,3,0,705
2020-07-08,Prairie Mountain Health,0,26,0,26,1,706
2020-07-08,Southern Health-Santé Sud,0,40,0,41,1,707
2020-07-08,Winnipeg,0,237,3,229,5,708
2020-07-09,All,0,325,0,320,7,709
2020-07-09,Interlake-Eastern,0,19,0,19,0,710
2020-07-09,Northern,0,3,0,3,0,711
2020-07-09,Prairie Mountain Health,0,26,0,26,1,712
2020-07-09,Southern Health-Santé Sud,0,40,0,41,1,713
2020-07-09,Winnipeg,0,237,1,231,5,714
2020-07-10,All,0,325,0,321,7,715
2020-07-10,Interlake-Eastern,0,19,0,19,0,716
2020-07-10,Northern,0,3,0,3,0,717
2020-07-10,Prairie Mountain Health,0,26,0,26,1,718
2020-07-10,Southern Health-Santé Sud,0,40,0,41,1,719
2020-07-10,Winnipeg,0,237,0,232,5,720
2020-07-11,All,0,325,0,321,7,721
2020-07-11,Interlake-Eastern,0,19,0,19,0,722
2020-07-11,Northern,0,3,0,3,0,723
2020-07-11,Prairie Mountain Health,0,26,0,26,1,724
2020-07-11,Southern Health-Santé Sud,0,40,0,41,1,725
2020-07-11,Winnipeg,0,237,0,232,5,726
2020-07-12,All,0,325,0,322,7,727
2020-07-12,Interlake-Eastern,0,19,0,19,0,728
2020-07-12,Northern,0,3,0,3,0,729
2020-07-12,Prairie Mountain Health,0,26,0,26,1,730
2020-07-12,Southern Health-Santé Sud,0,40,0,41,1,731
2020-07-12,Winnipeg,0,237,0,233,5,732
2020-07-13,All,5,330,0,323,7,733
2020-07-13,Interlake-Eastern,1,20,1,19,0,734
2020-07-13,Northern,0,3,0,3,0,735
2020-07-13,Prairie Mountain Health,0,26,0,26,1,736
2020-07-13,Southern Health-Santé Sud,2,42,0,42,1,737
2020-07-13,Winnipeg,2,239,1,233,5,738
2020-07-14,All,0,330,0,323,7,739
2020-07-14,Interlake-Eastern,0,20,1,19,0,740
2020-07-14,Northern,0,3,0,3,0,741
2020-07-14,Prairie Mountain Health,0,26,0,26,1,742
2020-07-14,Southern Health-Santé Sud,0,42,0,42,1,743
2020-07-14,Winnipeg,0,239,1,233,5,744
2020-07-15,All,1,331,0,324,7,745
2020-07-15,Interlake-Eastern,0,20,1,19,0,746
2020-07-15,Northern,0,3,0,3,0,747
2020-07-15,Prairie Mountain Health,0,26,0,26,1,748
2020-07-15,Southern Health-Santé Sud,1,43,0,43,1,749
2020-07-15,Winnipeg,0,239,1,233,5,750
2020-07-16,All,5,336,5,324,7,751
2020-07-16,Interlake-Eastern,5,25,6,19,0,752
2020-07-16,Northern,0,3,0,3,0,753
2020-07-16,Prairie Mountain Health,0,26,0,26,1,754
2020-07-16,Southern Health-Santé Sud,0,43,0,43,1,755
2020-07-16,Winnipeg,0,239,1,233,5,756
2020-07-17,All,1,337,6,324,7,757
2020-07-17,Interlake-Eastern,1,26,7,19,0,758
2020-07-17,Northern,0,3,0,3,0,759
2020-07-17,Prairie Mountain Health,0,26,0,26,1,760
2020-07-17,Southern Health-Santé Sud,0,43,0,43,1,761
2020-07-17,Winnipeg,0,239,1,233,5,762
2020-07-18,All,5,342,11,324,7,763
2020-07-18,Interlake-Eastern,2,28,9,19,0,764
2020-07-18,Northern,0,3,0,3,0,765
2020-07-18,Prairie Mountain Health,0,26,0,26,1,766
2020-07-18,Southern Health-Santé Sud,1,44,0,43,1,767
2020-07-18,Winnipeg,2,241,3,233,5,768
2020-07-19,All,13,355,23,325,7,769
2020-07-19,Interlake-Eastern,8,36,17,19,0,770
2020-07-19,Northern,0,3,0,3,0,771
2020-07-19,Prairie Mountain Health,3,29,2,26,1,772
2020-07-19,Southern Health-Santé Sud,0,44,0,43,1,773
2020-07-19,Winnipeg,2,243,4,234,5,774
2020-07-20,All,12,367,35,325,7,775
2020-07-20,Interlake-Eastern,7,43,24,19,0,776
2020-07-20,Northern,0,3,0,3,0,777
2020-07-20,Prairie Mountain Health,2,31,4,26,1,778
2020-07-20,Southern Health-Santé Sud,1,45,1,43,1,779
2020-07-20,Winnipeg,2,245,6,234,5,780
2020-07-21,All,7,374,40,327,7,781
2020-07-21,Interlake-Eastern,2,45,25,20,0,782
2020-07-21,Northern,0,3,0,3,0,783
2020-07-21,Prairie Mountain Health,2,33,6,26,1,784
2020-07-21,Southern Health-Santé Sud,3,48,4,43,1,785
2020-07-21,Winnipeg,0,245,5,235,5,786
2020-07-22,All,6,380,45,327,8,787
2020-07-22,Interlake-Eastern,3,48,28,20,0,788
2020-07-22,Northern,0,3,0,3,0,789
2020-07-22,Prairie Mountain Health,0,33,6,26,1,790
2020-07-22,Southern Health-Santé Sud,2,50,5,43,2,791
2020-07-22,Winnipeg,1,246,6,235,5,792
2020-07-23,All,5,385,50,327,8,793
2020-07-23,Interlake-Eastern,1,49,29,20,0,794
2020-07-23,Northern,0,3,0,3,0,795
2020-07-23,Prairie Mountain Health,1,34,7,26,1,796
2020-07-23,Southern Health-Santé Sud,3,53,8,43,2,797
2020-07-23,Winnipeg,0,246,6,235,5,798
2020-07-24,All,6,391,54,329,8,799
2020-07-24,Interlake-Eastern,0,49,27,22,0,800
2020-07-24,Northern,0,3,0,3,0,801
2020-07-24,Prairie Mountain Health,3,37,10,26,1,802
2020-07-24,Southern Health-Santé Sud,3,56,11,43,2,803
2020-07-24,Winnipeg,0,246,6,235,5,804
2020-07-25,All,5,396,58,330,8,805
2020-07-25,Interlake-Eastern,1,50,28,22,0,806
2020-07-25,Northern,0,3,0,3,0,807
2020-07-25,Prairie Mountain Health,0,37,10,26,1,808
2020-07-25,Southern Health-Santé Sud,1,57,12,43,2,809
2020-07-25,Winnipeg,3,249,8,236,5,810
2020-07-26,All,5,401,59,334,8,811
2020-07-26,Interlake-Eastern,2,52,26,26,0,812
2020-07-26,Northern,0,3,0,3,0,813
2020-07-26,Prairie Mountain Health,1,38,11,26,1,814
2020-07-26,Southern Health-Santé Sud,1,58,13,43,2,815
2020-07-26,Winnipeg,1,250,9,236,5,816
2020-07-27,All,3,404,54,342,8,817
2020-07-27,Interlake-Eastern,2,54,23,31,0,818
2020-07-27,Northern,0,3,0,3,0,819
2020-07-27,Prairie Mountain Health,1,39,12,26,1,820
2020-07-27,Southern Health-Santé Sud,0,58,13,43,2,821
2020-07-27,Winnipeg,0,250,6,239,5,822
2020-07-28,All,3,407,51,348,8,823
2020-07-28,Interlake-Eastern,2,56,21,35,0,824
2020-07-28,Northern,0,3,0,3,0,825
2020-07-28,Prairie Mountain Health,0,39,11,27,1,826
2020-07-28,Southern Health-Santé Sud,0,58,12,44,2,827
2020-07-28,Winnipeg,1,251,7,239,5,828
2020-07-29,All,3,410,46,356,8,829
2020-07-29,Interlake-Eastern,0,56,16,40,0,830
2020-07-29,Northern,0,3,0,3,0,831
2020-07-29,Prairie Mountain Health,2,41,12,28,1,832
2020-07-29,Southern Health-Santé Sud,0,58,10,46,2,833
2020-07-29,Winnipeg,1,252,8,239,5,834
2020-07-30,All,6,416,37,371,8,835
2020-07-30,Interlake-Eastern,3,59,16,43,0,836
2020-07-30,Northern,0,3,0,3,0,837
2020-07-30,Prairie Mountain Health,2,43,6,36,1,838
2020-07-30,Southern Health-Santé Sud,0,58,6,50,2,839
2020-07-30,Winnipeg,1,253,9,239,5,840
2020-07-31,All,6,422,35,379,8,841
2020-07-31,Interlake-Eastern,1,60,13,47,0,842
2020-07-31,Northern,0,3,0,3,0,843
2020-07-31,Prairie Mountain Health,1,44,6,37,1,844
2020-07-31,Southern Health-Santé Sud,3,61,7,52,2,845
2020-07-31,Winnipeg,1,254,9,240,5,846
2020-08-01,All,14,436,46,382,8,847
2020-08-01,Interlake-Eastern,0,60,13,47,0,848
2020-08-01,Northern,0,3,0,3,0,849
2020-08-01,Prairie Mountain Health,6,50,12,37,1,850
2020-08-01,Southern Health-Santé Sud,6,67,11,54,2,851
2020-08-01,Winnipeg,2,256,10,241,5,852
2020-08-02,All,5,441,50,383,8,853
2020-08-02,Interlake-Eastern,1,61,13,48,0,854
2020-08-02,Northern,0,3,0,3,0,855
2020-08-02,Prairie Mountain Health,1,51,13,37,1,856
2020-08-02,Southern Health-Santé Sud,2,69,13,54,2,857
2020-08-02,Winnipeg,1,257,11,241,5,858
2020-08-03,All,2,443,47,388,8,859
2020-08-03,Interlake-Eastern,0,61,11,50,0,860
2020-08-03,Northern,0,3,0,3,0,861
2020-08-03,Prairie Mountain Health,0,51,13,37,1,862
2020-08-03,Southern Health-Santé Sud,1,70,13,55,2,863
2020-08-03,Winnipeg,1,258,10,243,5,864
2020-08-04,All,3,446,44,394,8,865
2020-08-04,Interlake-Eastern,0,61,8,53,0,866
2020-08-04,Northern,0,3,0,3,0,867
2020-08-04,Prairie Mountain Health,0,51,13,37,1,868
2020-08-04,Southern Health-Santé Sud,1,71,13,56,2,869
2020-08-04,Winnipeg,2,260,10,245,5,870
2020-08-05,All,29,475,70,397,8,871
2020-08-05,Interlake-Eastern,0,61,8,53,0,872
2020-08-05,Northern,0,3,0,3,0,873
2020-08-05,Prairie Mountain Health,18,69,29,39,1,874
2020-08-05,Southern Health-Santé Sud,10,81,23,56,2,875
2020-08-05,Winnipeg,1,261,10,246,5,876
2020-08-06,All,17,492,82,402,8,877
2020-08-06,Interlake-Eastern,0,61,8,53,0,878
2020-08-06,Northern,0,3,0,3,0,879
2020-08-06,Prairie Mountain Health,10,79,39,39,1,880
2020-08-06,Southern Health-Santé Sud,2,83,24,57,2,881
2020-08-06,Winnipeg,5,266,11,250,5,882
2020-08-07,All,16,508,94,406,8,883
2020-08-07,Interlake-Eastern,0,61,7,54,0,884
2020-08-07,Northern,0,3,0,3,0,885
2020-08-07,Prairie Mountain Health,12,91,48,42,1,886
2020-08-07,Southern Health-Santé Sud,4,87,28,57,2,887
2020-08-07,Winnipeg,0,266,11,250,5,888
2020-08-08,All,35,543,123,412,8,889
2020-08-08,Interlake-Eastern,1,62,7,55,0,890
2020-08-08,Northern,0,3,0,3,0,891
2020-08-08,Prairie Mountain Health,20,111,65,45,1,892
2020-08-08,Southern Health-Santé Sud,9,96,35,59,2,893
2020-08-08,Winnipeg,5,271,16,250,5,894
2020-08-09,All,17,560,138,414,8,895
2020-08-09,Interlake-Eastern,0,62,6,56,0,896
2020-08-09,Northern,0,3,0,3,0,897
2020-08-09,Prairie Mountain Health,11,122,76,45,1,898
2020-08-09,Southern Health-Santé Sud,6,102,40,60,2,899
2020-08-09,Winnipeg,0,271,16,250,5,900
2020-08-10,All,3,563,136,419,8,901
2020-08-10,Interlake-Eastern,0,62,5,57,0,902
2020-08-10,Northern,0,3,0,3,0,903
2020-08-10,Prairie Mountain Health,3,125,77,47,1,904
2020-08-10,Southern Health-Santé Sud,0,102,38,62,2,905
2020-08-10,Winnipeg,0,271,16,250,5,906
2020-08-11,All,15,578,139,431,8,907
2020-08-11,Interlake-Eastern,0,62,3,59,0,908
2020-08-11,Northern,0,3,0,3,0,909
2020-08-11,Prairie Mountain Health,4,129,78,50,1,910
2020-08-11,Southern Health-Santé Sud,1,103,35,66,2,911
2020-08-11,Winnipeg,10,281,23,253,5,912
2020-08-12,All,25,603,158,437,8,913
2020-08-12,Interlake-Eastern,0,62,3,59,0,914
2020-08-12,Northern,0,3,0,3,0,915
2020-08-12,Prairie Mountain Health,12,141,88,52,1,916
2020-08-12,Southern Health-Santé Sud,6,109,38,69,2,917
2020-08-12,Winnipeg,7,288,29,254,5,918
2020-08-13,All,38,641,187,446,8,919
2020-08-13,Interlake-Eastern,0,62,3,59,0,920
2020-08-13,Northern,0,3,0,3,0,921
2020-08-13,Prairie Mountain Health,24,165,107,57,1,922
2020-08-13,Southern Health-Santé Sud,5,114,40,72,2,923
2020-08-13,Winnipeg,9,297,37,255,5,924
2020-08-14,All,19,660,189,462,9,925
2020-08-14,Interlake-Eastern,0,62,3,59,0,926
2020-08-14,Northern,0,3,0,3,0,927
2020-08-14,Prairie Mountain Health,7,172,109,62,1,928
2020-08-14,Southern Health-Santé Sud,6,120,35,82,3,929
2020-08-14,Winnipeg,6,303,42,256,5,930
2020-08-15,All,36,696,182,503,11,931
2020-08-15,Interlake-Eastern,0,62,3,59,0,932
2020-08-15,Northern,0,3,0,3,0,933
2020-08-15,Prairie Mountain Health,9,181,84,96,1,934
2020-08-15,Southern Health-Santé Sud,22,142,51,86,5,935
2020-08-15,Winnipeg,5,308,44,259,5,936
2020-08-16,All,40,736,213,512,11,937
2020-08-16,Interlake-Eastern,0,62,3,59,0,938
2020-08-16,Northern,0,3,0,3,0,939
2020-08-16,Prairie Mountain Health,20,201,97,103,1,940
2020-08-16,Southern Health-Santé Sud,12,154,61,88,5,941
2020-08-16,Winnipeg,8,316,52,259,5,942
2020-08-17,All,13,749,206,531,12,943
2020-08-17,Interlake-Eastern,2,64,5,59,0,944
2020-08-17,Northern,0,3,0,3,0,945
2020-08-17,Prairie Mountain Health,3,204,91,112,1,946
2020-08-17,Southern Health-Santé Sud,1,155,52,97,6,947
2020-08-17,Winnipeg,7,323,58,260,5,948
2020-08-18,All,15,764,189,563,12,949
2020-08-18,Interlake-Eastern,0,64,5,59,0,950
2020-08-18,Northern,0,3,0,3,0,951
2020-08-18,Prairie Mountain Health,13,217,90,126,1,952
2020-08-18,Southern Health-Santé Sud,1,156,38,112,6,953
2020-08-18,Winnipeg,1,324,56,263,5,954
2020-08-19,All,33,797,204,581,12,955
2020-08-19,Interlake-Eastern,0,64,5,59,0,956
2020-08-19,Northern,0,3,0,3,0,957
2020-08-19,Prairie Mountain Health,18,235,95,139,1,958
2020-08-19,Southern Health-Santé Sud,10,166,45,115,6,959
2020-08-19,Winnipeg,5,329,59,265,5,960
2020-08-20,All,35,832,221,599,12,961
2020-08-20,Interlake-Eastern,1,65,6,59,0,962
2020-08-20,Northern,0,3,0,3,0,963
2020-08-20,Prairie Mountain Health,7,242,98,143,1,964
2020-08-20,Southern Health-Santé Sud,18,184,58,120,6,965
2020-08-20,Winnipeg,9,338,59,274,5,966
2020-08-21,All,42,874,236,626,12,967
2020-08-21,Interlake-Eastern,0,65,6,59,0,968
2020-08-21,Northern,0,3,0,3,0,969
2020-08-21,Prairie Mountain Health,24,266,104,161,1,970
2020-08-21,Southern Health-Santé Sud,16,200,70,124,6,971
2020-08-21,Winnipeg,2,340,56,279,5,972
2020-08-22,All,98,972,321,639,12,973
2020-08-22,Interlake-Eastern,2,67,7,60,0,974
2020-08-22,Northern,1,4,1,3,0,975
2020-08-22,Prairie Mountain Health,68,334,165,168,1,976
2020-08-22,Southern Health-Santé Sud,17,217,85,126,6,977
2020-08-22,Winnipeg,10,350,63,282,5,978
2020-08-23,All,28,1000,327,660,13,979
2020-08-23,Interlake-Eastern,1,68,8,60,0,980
2020-08-23,Northern,0,4,1,3,0,981
2020-08-23,Prairie Mountain Health,17,351,176,174,1,982
2020-08-23,Southern Health-Santé Sud,3,220,80,133,7,983
2020-08-23,Winnipeg,7,357,62,290,5,984
2020-08-24,All,28,1028,338,677,13,985
2020-08-24,Interlake-Eastern,0,68,8,60,0,986
2020-08-24,Northern,0,4,1,3,0,987
2020-08-24,Prairie Mountain Health,13,364,181,182,1,988
2020-08-24,Southern Health-Santé Sud,9,229,82,140,7,989
2020-08-24,Winnipeg,6,363,66,292,5,990
2020-08-25,All,26,1054,332,709,13,991
2020-08-25,Interlake-Eastern,1,69,9,60,0,992
2020-08-25,Northern,0,4,0,4,0,993
2020-08-25,Prairie Mountain Health,9,373,177,195,1,994
2020-08-25,Southern Health-Santé Sud,7,236,80,149,7,995
2020-08-25,Winnipeg,9,372,66,301,5,996
2020-08-26,All,33,1087,331,742,14,997
2020-08-26,Interlake-Eastern,3,72,12,60,0,998
2020-08-26,Northern,0,4,0,4,0,999
2020-08-26,Prairie Mountain Health,17,390,185,204,1,1000
2020-08-26,Southern Health-Santé Sud,7,243,71,164,8,1001
2020-08-26,Winnipeg,6,378,63,310,5,1002
2020-08-27,All,27,1114,317,783,14,1003
2020-08-27,Interlake-Eastern,0,72,10,62,0,1004
2020-08-27,Northern,0,4,0,4,0,1005
2020-08-27,Prairie Mountain Health,15,405,176,228,1,1006
2020-08-27,Southern Health-Santé Sud,5,248,68,172,8,1007
2020-08-27,Winnipeg,7,385,63,317,5,1008
2020-08-28,All,47,1161,317,830,14,1009
2020-08-28,Interlake-Eastern,1,73,10,63,0,1010
2020-08-28,Northern,0,4,0,4,0,1011
2020-08-28,Prairie Mountain Health,25,430,173,256,1,1012
2020-08-28,Southern Health-Santé Sud,4,252,62,182,8,1013
2020-08-28,Winnipeg,17,402,72,325,5,1014
2020-08-29,All,36,1197,320,863,14,1015
2020-08-29,Interlake-Eastern,1,74,11,63,0,1016
2020-08-29,Northern,0,4,0,4,0,1017
2020-08-29,Prairie Mountain Health,12,442,167,274,1,1018
2020-08-29,Southern Health-Santé Sud,6,258,55,195,8,1019
2020-08-29,Winnipeg,17,419,87,327,5,1020
2020-08-30,All,25,1222,299,909,14,1021
2020-08-30,Interlake-Eastern,2,76,13,63,0,1022
2020-08-30,Northern,0,4,0,4,0,1023
2020-08-30,Prairie Mountain Health,12,454,149,304,1,1024
2020-08-30,Southern Health-Santé Sud,5,263,47,208,8,1025
2020-08-30,Winnipeg,6,425,90,330,5,1026
2020-08-31,All,18,1240,268,958,14,1027
2020-08-31,Interlake-Eastern,0,76,13,63,0,1028
2020-08-31,Northern,0,4,0,4,0,1029
2020-08-31,Prairie Mountain Health,6,460,135,324,1,1030
2020-08-31,Southern Health-Santé Sud,1,264,33,223,8,1031
2020-08-31,Winnipeg,11,436,87,344,5,1032
2020-09-01,All,7,1247,228,1004,15,1033
2020-09-01,Interlake-Eastern,0,76,9,67,0,1034
2020-09-01,Northern,0,4,0,4,0,1035
2020-09-01,Prairie Mountain Health,2,462,118,343,1,1036
2020-09-01,Southern Health-Santé Sud,1,265,25,231,9,1037
2020-09-01,Winnipeg,4,440,76,359,5,1038
2020-09-02,All,20,1267,214,1037,16,1039
2020-09-02,Interlake-Eastern,1,77,6,71,0,1040
2020-09-02,Northern,0,4,0,4,0,1041
2020-09-02,Prairie Mountain Health,6,468,108,359,1,1042
2020-09-02,Southern Health-Santé Sud,0,265,23,232,10,1043
2020-09-02,Winnipeg,13,453,77,371,5,1044
2020-09-03,All,9,1276,190,1070,16,1045
2020-09-03,Interlake-Eastern,0,77,6,71,0,1046
2020-09-03,Northern,0,4,0,4,0,1047
2020-09-03,Prairie Mountain Health,1,469,88,380,1,1048
2020-09-03,Southern Health-Santé Sud,2,267,21,236,10,1049
2020-09-03,Winnipeg,6,459,75,379,5,1050
2020-09-04,All,33,1309,192,1101,16,1051
2020-09-04,Interlake-Eastern,3,80,6,74,0,1052
2020-09-04,Northern,0,4,0,4,0,1053
2020-09-04,Prairie Mountain Health,5,474,78,395,1,1054
2020-09-04,Southern Health-Santé Sud,6,273,23,240,10,1055
2020-09-04,Winnipeg,19,478,85,388,5,1056
2020-09-05,All,16,1325,173,1136,16,1057
2020-09-05,Interlake-Eastern,1,81,7,74,0,1058
2020-09-05,Northern,0,4,0,4,0,1059
2020-09-05,Prairie Mountain Health,2,476,59,416,1,1060
2020-09-05,Southern Health-Santé Sud,5,278,26,242,10,1061
2020-09-05,Winnipeg,8,486,81,400,5,1062
2020-09-06,All,16,1341,168,1157,16,1063
2020-09-06,Interlake-Eastern,1,82,7,75,0,1064
2020-09-06,Northern,0,4,0,4,0,1065
2020-09-06,Prairie Mountain Health,6,482,54,427,1,1066
2020-09-06,Southern Health-Santé Sud,1,279,25,244,10,1067
2020-09-06,Winnipeg,8,494,82,407,5,1068
2020-09-07,All,10,1351,157,1178,16,1069
2020-09-07,Interlake-Eastern,1,83,8,75,0,1070
2020-09-07,Northern,0,4,0,4,0,1071
2020-09-07,Prairie Mountain Health,0,482,47,434,1,1072
2020-09-07,Southern Health-Santé Sud,2,281,21,250,10,1073
2020-09-07,Winnipeg,7,501,81,415,5,1074
2020-09-08,All,16,1367,151,1200,16,1075
2020-09-08,Interlake-Eastern,0,83,7,76,0,1076
2020-09-08,Northern,0,4,0,4,0,1077
2020-09-08,Prairie Mountain Health,1,483,41,441,1,1078
2020-09-08,Southern Health-Santé Sud,1,282,21,251,10,1079
2020-09-08,Winnipeg,14,515,82,428,5,1080
2020-09-09,All,14,1381,148,1217,16,1081
2020-09-09,Interlake-Eastern,2,85,9,76,0,1082
2020-09-09,Northern,0,4,0,4,0,1083
2020-09-09,Prairie Mountain Health,1,484,34,449,1,1084
2020-09-09,Southern Health-Santé Sud,2,284,22,252,10,1085
2020-09-09,Winnipeg,9,524,83,436,5,1086
2020-09-10,All,15,1396,144,1236,16,1087
2020-09-10,Interlake-Eastern,0,85,9,76,0,1088
2020-09-10,Northern,0,4,0,4,0,1089
2020-09-10,Prairie Mountain Health,4,488,31,456,1,1090
2020-09-10,Southern Health-Santé Sud,3,287,22,255,10,1091
2020-09-10,Winnipeg,8,532,82,445,5,1092
2020-09-11,All,17,1413,148,1249,16,1093
2020-09-11,Interlake-Eastern,5,90,14,76,0,1094
2020-09-11,Northern,0,4,0,4,0,1095
2020-09-11,Prairie Mountain Health,2,490,28,461,1,1096
2020-09-11,Southern Health-Santé Sud,2,289,24,255,10,1097
2020-09-11,Winnipeg,8,540,82,453,5,1098
2020-09-12,All,20,1433,150,1267,16,1099
2020-09-12,Interlake-Eastern,3,93,17,76,0,1100
2020-09-12,Northern,0,4,0,4,0,1101
2020-09-12,Prairie Mountain Health,1,491,29,461,1,1102
2020-09-12,Southern Health-Santé Sud,3,292,24,258,10,1103
2020-09-12,Winnipeg,13,553,80,468,5,1104
2020-09-13,All,19,1452,154,1282,16,1105
2020-09-13,Interlake-Eastern,1,94,18,76,0,1106
2020-09-13,Northern,0,4,0,4,0,1107
2020-09-13,Prairie Mountain Health,0,491,24,466,1,1108
2020-09-13,Southern Health-Santé Sud,3,295,25,260,10,1109
2020-09-13,Winnipeg,15,568,87,476,5,1110
2020-09-14,All,17,1469,151,1302,16,1111
2020-09-14,Interlake-Eastern,1,95,18,77,0,1112
2020-09-14,Northern,0,4,0,4,0,1113
2020-09-14,Prairie Mountain Health,1,492,23,468,1,1114
2020-09-14,Southern Health-Santé Sud,2,297,26,261,10,1115
2020-09-14,Winnipeg,13,581,84,492,5,1116
2020-09-15,All,23,1492,151,1325,16,1117
2020-09-15,Interlake-Eastern,2,97,18,79,0,1118
2020-09-15,Northern,0,4,0,4,0,1119
2020-09-15,Prairie Mountain Health,0,492,18,473,1,1120
2020-09-15,Southern Health-Santé Sud,0,297,25,262,10,1121
2020-09-15,Winnipeg,21,602,90,507,5,1122
2020-09-16,All,11,1503,143,1344,16,1123
2020-09-16,Interlake-Eastern,0,97,17,80,0,1124
2020-09-16,Northern,0,4,0,4,0,1125
2020-09-16,Prairie Mountain Health,1,493,17,475,1,1126
2020-09-16,Southern Health-Santé Sud,2,299,27,262,10,1127
2020-09-16,Winnipeg,8,610,82,523,5,1128
2020-09-17,All,40,1543,161,1366,16,1129
2020-09-17,Interlake-Eastern,4,101,20,81,0,1130
2020-09-17,Northern,0,4,0,4,0,1131
2020-09-17,Prairie Mountain Health,4,497,16,480,1,1132
2020-09-17,Southern Health-Santé Sud,3,302,27,265,10,1133
2020-09-17,Winnipeg,29,639,98,536,5,1134
2020-09-18,All,17,1560,152,1392,16,1135
2020-09-18,Interlake-Eastern,0,101,15,86,0,1136
2020-09-18,Northern,0,4,0,4,0,1137
2020-09-18,Prairie Mountain Health,3,500,18,481,1,1138
2020-09-18,Southern Health-Santé Sud,1,303,24,269,10,1139
2020-09-18,Winnipeg,13,652,95,552,5,1140
2020-09-19,All,29,1589,163,1410,16,1141
2020-09-19,Interlake-Eastern,2,103,17,86,0,1142
2020-09-19,Northern,0,4,0,4,0,1143
2020-09-19,Prairie Mountain Health,3,503,18,484,1,1144
2020-09-19,Southern Health-Santé Sud,1,304,24,270,10,1145
2020-09-19,Winnipeg,23,675,104,566,5,1146
2020-09-20,All,22,1611,170,1423,18,1147
2020-09-20,Interlake-Eastern,1,104,12,92,0,1148
2020-09-20,Northern,0,4,0,4,0,1149
2020-09-20,Prairie Mountain Health,1,504,16,486,2,1150
2020-09-20,Southern Health-Santé Sud,3,307,26,270,11,1151
2020-09-20,Winnipeg,17,692,116,571,5,1152
2020-09-21,All,24,1635,180,1437,18,1153
2020-09-21,Interlake-Eastern,2,106,11,95,0,1154
2020-09-21,Northern,0,4,0,4,0,1155
2020-09-21,Prairie Mountain Health,0,504,15,487,2,1156
2020-09-21,Southern Health-Santé Sud,2,309,24,274,11,1157
2020-09-21,Winnipeg,20,712,130,577,5,1158
2020-09-22,All,42,1677,208,1450,19,1159
2020-09-22,Interlake-Eastern,2,108,11,97,0,1160
2020-09-22,Northern,0,4,0,4,0,1161
2020-09-22,Prairie Mountain Health,3,507,18,487,2,1162
2020-09-22,Southern Health-Santé Sud,6,315,27,277,11,1163
2020-09-22,Winnipeg,31,743,152,585,6,1164
2020-09-23,All,40,1717,230,1468,19,1165
2020-09-23,Interlake-Eastern,4,112,13,99,0,1166
2020-09-23,Northern,0,4,0,4,0,1167
2020-09-23,Prairie Mountain Health,1,508,19,487,2,1168
2020-09-23,Southern Health-Santé Sud,2,317,26,280,11,1169
2020-09-23,Winnipeg,33,776,172,598,6,1170
2020-09-24,All,58,1775,268,1488,19,1171
2020-09-24,Interlake-Eastern,2,114,15,99,0,1172
2020-09-24,Northern,2,6,2,4,0,1173
2020-09-24,Prairie Mountain Health,0,508,16,490,2,1174
2020-09-24,Southern Health-Santé Sud,2,319,26,282,11,1175
2020-09-24,Winnipeg,52,828,209,613,6,1176
2020-09-25,All,66,1841,311,1511,19,1177
2020-09-25,Interlake-Eastern,3,117,16,101,0,1178
2020-09-25,Northern,0,6,2,4,0,1179
2020-09-25,Prairie Mountain Health,2,510,18,490,2,1180
2020-09-25,Southern Health-Santé Sud,4,323,29,283,11,1181
2020-09-25,Winnipeg,57,885,246,633,6,1182
2020-09-26,All,42,1883,335,1528,20,1183
2020-09-26,Interlake-Eastern,7,124,22,102,0,1184
2020-09-26,Northern,2,8,4,4,0,1185
2020-09-26,Prairie Mountain Health,1,511,16,492,3,1186
2020-09-26,Southern Health-Santé Sud,2,325,28,286,11,1187
2020-09-26,Winnipeg,30,915,265,644,6,1188
2020-09-27,All,44,1927,358,1549,20,1189
2020-09-27,Interlake-Eastern,8,132,24,108,0,1190
2020-09-27,Northern,7,15,11,4,0,1191
2020-09-27,Prairie Mountain Health,0,511,13,495,3,1192
2020-09-27,Southern Health-Santé Sud,3,328,28,289,11,1193
2020-09-27,Winnipeg,26,941,282,653,6,1194
2020-09-28,All,35,1962,372,1570,20,1195
2020-09-28,Interlake-Eastern,4,136,25,111,0,1196
2020-09-28,Northern,0,15,11,4,0,1197
2020-09-28,Prairie Mountain Health,0,511,13,495,3,1198
2020-09-28,Southern Health-Santé Sud,4,332,32,289,11,1199
2020-09-28,Winnipeg,27,968,291,671,6,1200
2020-09-29,All,38,2000,393,1586,21,1201
2020-09-29,Interlake-Eastern,2,138,24,114,0,1202
2020-09-29,Northern,1,16,12,4,0,1203
2020-09-29,Prairie Mountain Health,1,512,12,497,3,1204
2020-09-29,Southern Health-Santé Sud,3,335,34,290,11,1205
2020-09-29,Winnipeg,31,999,311,681,7,1206
2020-09-30,All,33,2033,399,1613,21,1207
2020-09-30,Interlake-Eastern,2,140,23,117,0,1208
2020-09-30,Northern,0,16,12,4,0,1209
2020-09-30,Prairie Mountain Health,4,516,14,499,3,1210
2020-09-30,Southern Health-Santé Sud,2,337,30,296,11,1211
2020-09-30,Winnipeg,25,1024,320,697,7,1212
2020-10-01,All,40,2073,416,1635,22,1213
2020-10-01,Interlake-Eastern,7,147,28,119,0,1214
2020-10-01,Northern,0,16,12,4,0,1215
2020-10-01,Prairie Mountain Health,2,518,16,499,3,1216
2020-10-01,Southern Health-Santé Sud,1,338,27,300,11,1217
2020-10-01,Winnipeg,30,1054,333,713,8,1218
2020-10-02,All,45,2118,438,1658,22,1219
2020-10-02,Interlake-Eastern,5,152,27,125,0,1220
2020-10-02,Northern,0,16,12,4,0,1221
2020-10-02,Prairie Mountain Health,1,519,15,501,3,1222
2020-10-02,Southern Health-Santé Sud,3,341,26,304,11,1223
2020-10-02,Winnipeg,36,1090,358,724,8,1224
2020-10-03,All,44,2162,471,1668,23,1225
2020-10-03,Interlake-Eastern,5,157,32,125,0,1226
2020-10-03,Northern,1,17,13,4,0,1227
2020-10-03,Prairie Mountain Health,1,520,13,504,3,1228
2020-10-03,Southern Health-Santé Sud,5,346,27,308,11,1229
2020-10-03,Winnipeg,32,1122,386,727,9,1230
2020-10-04,All,28,2190,473,1693,24,1231
2020-10-04,Interlake-Eastern,5,162,34,128,0,1232
2020-10-04,Northern,0,17,10,7,0,1233
2020-10-04,Prairie Mountain Health,0,520,12,504,4,1234
2020-10-04,Southern Health-Santé Sud,1,347,26,310,11,1235
2020-10-04,Winnipeg,22,1144,391,744,9,1236
2020-10-05,All,56,2246,497,1724,25,1237
2020-10-05,Interlake-Eastern,22,184,51,133,0,1238
2020-10-05,Northern,0,17,9,8,0,1239
2020-10-05,Prairie Mountain Health,2,522,13,505,4,1240
2020-10-05,Southern Health-Santé Sud,2,349,19,319,11,1241
2020-10-05,Winnipeg,30,1174,405,759,10,1242
2020-10-06,All,45,2291,518,1745,28,1243
2020-10-06,Interlake-Eastern,8,192,55,136,1,1244
2020-10-06,Northern,0,17,9,8,0,1245
2020-10-06,Prairie Mountain Health,2,524,15,505,4,1246
2020-10-06,Southern Health-Santé Sud,3,352,21,320,11,1247
2020-10-06,Winnipeg,32,1206,418,776,12,1248
2020-10-07,All,58,2349,548,1772,29,1249
2020-10-07,Interlake-Eastern,3,195,57,137,1,1250
2020-10-07,Northern,0,17,9,8,0,1251
2020-10-07,Prairie Mountain Health,0,524,14,506,4,1252
2020-10-07,Southern Health-Santé Sud,9,361,26,324,11,1253
2020-10-07,Winnipeg,46,1252,442,797,13,1254
2020-10-08,All,97,2446,613,1801,32,1255
2020-10-08,Interlake-Eastern,12,207,65,141,1,1256
2020-10-08,Northern,0,17,3,14,0,1257
2020-10-08,Prairie Mountain Health,3,527,16,507,4,1258
2020-10-08,Southern Health-Santé Sud,8,369,29,329,11,1259
2020-10-08,Winnipeg,74,1326,500,810,16,1260
2020-10-09,All,86,2532,680,1819,33,1261
2020-10-09,Interlake-Eastern,8,215,69,145,1,1262
2020-10-09,Northern,0,17,3,14,0,1263
2020-10-09,Prairie Mountain Health,4,531,16,511,4,1264
2020-10-09,Southern Health-Santé Sud,6,375,34,330,11,1265
2020-10-09,Winnipeg,68,1394,558,819,17,1266
2020-10-10,All,130,2662,790,1838,34,1267
2020-10-10,Interlake-Eastern,5,220,69,150,1,1268
2020-10-10,Northern,5,22,7,15,0,1269
2020-10-10,Prairie Mountain Health,4,535,18,513,4,1270
2020-10-10,Southern Health-Santé Sud,13,388,44,333,11,1271
2020-10-10,Winnipeg,103,1497,652,827,18,1272
2020-10-11,All,89,2751,848,1866,37,1273
2020-10-11,Interlake-Eastern,7,227,66,160,1,1274
2020-10-11,Northern,0,22,4,18,0,1275
2020-10-11,Prairie Mountain Health,2,537,20,513,4,1276
2020-10-11,Southern Health-Santé Sud,7,395,48,335,12,1277
2020-10-11,Winnipeg,73,1570,710,840,20,1278
2020-10-12,All,67,2818,882,1898,38,1279
2020-10-12,Interlake-Eastern,14,241,71,169,1,1280
2020-10-12,Northern,0,22,4,18,0,1281
2020-10-12,Prairie Mountain Health,3,540,20,516,4,1282
2020-10-12,Southern Health-Santé Sud,8,403,53,338,12,1283
2020-10-12,Winnipeg,42,1612,734,857,21,1284
2020-10-13,All,127,2945,963,1943,39,1285
2020-10-13,Interlake-Eastern,3,244,56,187,1,1286
2020-10-13,Northern,3,25,5,20,0,1287
2020-10-13,Prairie Mountain Health,1,541,19,518,4,1288
2020-10-13,Southern Health-Santé Sud,10,413,57,343,13,1289
2020-10-13,Winnipeg,110,1722,826,875,21,1290
2020-10-14,All,160,3105,1080,1984,41,1291
2020-10-14,Interlake-Eastern,5,249,54,194,1,1292
2020-10-14,Northern,4,29,8,21,0,1293
2020-10-14,Prairie Mountain Health,8,549,23,522,4,1294
2020-10-14,Southern Health-Santé Sud,21,434,70,351,13,1295
2020-10-14,Winnipeg,122,1844,925,896,23,1296
2020-10-15,All,76,3181,1118,2022,41,1297
2020-10-15,Interlake-Eastern,7,256,57,198,1,1298
2020-10-15,Northern,2,31,5,26,0,1299
2020-10-15,Prairie Mountain Health,0,549,19,526,4,1300
2020-10-15,Southern Health-Santé Sud,3,437,67,357,13,1301
2020-10-15,Winnipeg,64,1908,970,915,23,1302
2020-10-16,All,106,3287,1188,2058,41,1303
2020-10-16,Interlake-Eastern,10,266,65,200,1,1304
2020-10-16,Northern,8,39,13,26,0,1305
2020-10-16,Prairie Mountain Health,6,555,23,528,4,1306
2020-10-16,Southern Health-Santé Sud,10,447,66,368,13,1307
2020-10-16,Winnipeg,72,1980,1021,936,23,1308
2020-10-17,All,35,3322,1173,2106,43,1309
2020-10-17,Interlake-Eastern,1,267,63,203,1,1310
2020-10-17,Northern,5,44,13,31,0,1311
2020-10-17,Prairie Mountain Health,1,556,20,532,4,1312
2020-10-17,Southern Health-Santé Sud,7,454,67,374,13,1313
2020-10-17,Winnipeg,21,2001,1010,966,25,1314
2020-10-18,All,68,3390,1222,2123,45,1315
2020-10-18,Interlake-Eastern,4,271,65,205,1,1316
2020-10-18,Northern,4,48,14,34,0,1317
2020-10-18,Prairie Mountain Health,5,561,23,534,4,1318
2020-10-18,Southern Health-Santé Sud,10,464,71,380,13,1319
2020-10-18,Winnipeg,45,2046,1049,970,27,1320
2020-10-19,All,136,3526,1305,2176,45,1321
2020-10-19,Interlake-Eastern,3,274,64,209,1,1322
2020-10-19,Northern,7,55,20,35,0,1323
2020-10-19,Prairie Mountain Health,1,562,21,537,4,1324
2020-10-19,Southern Health-Santé Sud,15,479,78,388,13,1325
2020-10-19,Winnipeg,110,2156,1122,1007,27,1326
2020-10-20,All,169,3695,1412,2235,48,1327
2020-10-20,Interlake-Eastern,20,294,66,226,2,1328
2020-10-20,Northern,5,60,23,37,0,1329
2020-10-20,Prairie Mountain Health,4,566,24,538,4,1330
2020-10-20,Southern Health-Santé Sud,20,499,94,392,13,1331
2020-10-20,Winnipeg,120,2276,1205,1042,29,1332
2020-10-21,All,160,3855,1507,2298,50,1333
2020-10-21,Interlake-Eastern,9,303,69,232,2,1334
2020-10-21,Northern,11,71,27,44,0,1335
2020-10-21,Prairie Mountain Health,3,569,24,541,4,1336
2020-10-21,Southern Health-Santé Sud,31,530,104,413,13,1337
2020-10-21,Winnipeg,106,2382,1283,1068,31,1338
2020-10-22,All,178,4033,1608,2374,51,1339
2020-10-22,Interlake-Eastern,10,313,73,238,2,1340
2020-10-22,Northern,11,82,35,47,0,1341
2020-10-22,Prairie Mountain Health,3,572,26,542,4,1342
2020-10-22,Southern Health-Santé Sud,26,556,123,420,13,1343
2020-10-22,Winnipeg,128,2510,1351,1127,32,1344
2020-10-23,All,164,4197,1677,2467,53,1345
2020-10-23,Interlake-Eastern,12,325,73,250,2,1346
2020-10-23,Northern,12,94,39,55,0,1347
2020-10-23,Prairie Mountain Health,7,579,31,544,4,1348
2020-10-23,Southern Health-Santé Sud,26,582,141,428,13,1349
2020-10-23,Winnipeg,107,2617,1393,1190,34,1350
2020-10-24,All,164,4361,1795,2511,55,1351
2020-10-24,Interlake-Eastern,9,334,71,261,2,1352
2020-10-24,Northern,8,102,43,59,0,1353
2020-10-24,Prairie Mountain Health,3,582,31,547,4,1354
2020-10-24,Southern Health-Santé Sud,22,604,156,435,13,1355
2020-10-24,Winnipeg,122,2739,1494,1209,36,1356
2020-10-25,All,126,4487,1871,2557,59,1357
2020-10-25,Interlake-Eastern,10,344,72,268,4,1358
2020-10-25,Northern,11,113,50,63,0,1359
2020-10-25,Prairie Mountain Health,5,587,33,550,4,1360
2020-10-25,Southern Health-Santé Sud,8,612,152,447,13,1361
2020-10-25,Winnipeg,92,2831,1564,1229,38,1362
2020-10-26,All,200,4687,2004,2621,62,1363
2020-10-26,Interlake-Eastern,19,363,83,276,4,1364
2020-10-26,Northern,13,126,56,70,0,1365
2020-10-26,Prairie Mountain Health,1,588,30,554,4,1366
2020-10-26,Southern Health-Santé Sud,24,636,164,459,13,1367
2020-10-26,Winnipeg,143,2974,1671,1262,41,1368
2020-10-27,All,173,4860,2100,2695,65,1369
2020-10-27,Interlake-Eastern,11,374,87,283,4,1370
2020-10-27,Northern,4,130,54,76,0,1371
2020-10-27,Prairie Mountain Health,5,593,28,561,4,1372
2020-10-27,Southern Health-Santé Sud,17,653,159,481,13,1373
2020-10-27,Winnipeg,136,3110,1772,1294,44,1374
2020-10-28,All,288,5148,2255,2826,67,1375
2020-10-28,Interlake-Eastern,27,401,108,289,4,1376
2020-10-28,Northern,11,141,60,81,0,1377
2020-10-28,Prairie Mountain Health,3,596,28,564,4,1378
2020-10-28,Southern Health-Santé Sud,61,714,197,503,14,1379
2020-10-28,Winnipeg,186,3296,1862,1389,45,1380
2020-10-29,All,370,5518,2540,2910,68,1381
2020-10-29,Interlake-Eastern,36,437,134,299,4,1382
2020-10-29,Northern,27,168,79,89,0,1383
2020-10-29,Prairie Mountain Health,15,611,41,566,4,1384
2020-10-29,Southern Health-Santé Sud,63,777,238,525,14,1385
2020-10-29,Winnipeg,229,3525,2048,1431,46,1386
2020-10-30,All,230,5748,2704,2972,72,1387
2020-10-30,Interlake-Eastern,25,462,150,307,5,1388
2020-10-30,Northern,23,191,94,97,0,1389
2020-10-30,Prairie Mountain Health,9,620,48,568,4,1390
2020-10-30,Southern Health-Santé Sud,23,800,245,541,14,1391
2020-10-30,Winnipeg,150,3675,2167,1459,49,1392
2020-10-31,All,400,6148,3063,3005,80,1393
2020-10-31,Interlake-Eastern,36,498,185,308,5,1394
2020-10-31,Northern,16,207,107,100,0,1395
2020-10-31,Prairie Mountain Health,6,626,48,574,4,1396
2020-10-31,Southern Health-Santé Sud,49,849,286,548,15,1397
2020-10-31,Winnipeg,293,3968,2437,1475,56,1398
2020-11-01,All,140,6288,3179,3028,81,1399
2020-11-01,Interlake-Eastern,26,524,209,310,5,1400
2020-11-01,Northern,22,229,127,102,0,1401
2020-11-01,Prairie Mountain Health,8,634,50,580,4,1402
2020-11-01,Southern Health-Santé Sud,28,877,310,552,15,1403
2020-11-01,Winnipeg,56,4024,2483,1484,57,1404
2020-11-02,All,195,6483,3324,3070,89,1405
2020-11-02,Interlake-Eastern,15,539,222,312,5,1406
2020-11-02,Northern,11,240,134,106,0,1407
2020-11-02,Prairie Mountain Health,5,639,53,582,4,1408
2020-11-02,Southern Health-Santé Sud,29,906,326,565,15,1409
2020-11-02,Winnipeg,135,4159,2589,1505,65,1410
2020-11-03,All,284,6767,3545,3129,93,1411
2020-11-03,Interlake-Eastern,8,547,229,313,5,1412
2020-11-03,Northern,13,253,133,120,0,1413
2020-11-03,Prairie Mountain Health,5,644,55,585,4,1414
2020-11-03,Southern Health-Santé Sud,57,963,356,591,16,1415
2020-11-03,Winnipeg,201,4360,2772,1520,68,1416
2020-11-04,All,449,7216,3951,3166,99,1417
2020-11-04,Interlake-Eastern,43,590,272,313,5,1418
2020-11-04,Northern,47,300,177,123,0,1419
2020-11-04,Prairie Mountain Health,15,659,70,585,4,1420
2020-11-04,Southern Health-Santé Sud,70,1033,412,605,16,1421
2020-11-04,Winnipeg,274,4634,3020,1540,74,1422
2020-11-05,All,224,7440,4056,3278,106,1423
2020-11-05,Interlake-Eastern,7,597,277,315,5,1424
2020-11-05,Northern,16,316,181,134,1,1425
2020-11-05,Prairie Mountain Health,9,668,76,588,4,1426
2020-11-05,Southern Health-Santé Sud,65,1098,421,661,16,1427
2020-11-05,Winnipeg,127,4761,3101,1580,80,1428
2020-11-06,All,312,7752,4312,3325,115,1429
2020-11-06,Interlake-Eastern,32,629,306,318,5,1430
2020-11-06,Northern,23,339,202,136,1,1431
2020-11-06,Prairie Mountain Health,24,692,98,590,4,1432
2020-11-06,Southern Health-Santé Sud,48,1146,445,684,17,1433
2020-11-06,Winnipeg,185,4946,3261,1597,88,1434
2020-11-07,All,450,8202,4709,3375,118,1435
2020-11-07,Interlake-Eastern,15,644,318,321,5,1436
2020-11-07,Northern,7,346,201,144,1,1437
2020-11-07,Prairie Mountain Health,12,704,108,592,4,1438
2020-11-07,Southern Health-Santé Sud,84,1230,516,697,17,1439
2020-11-07,Winnipeg,332,5278,3566,1621,91,1440
2020-11-08,All,343,8545,4980,3440,125,1441
2020-11-08,Interlake-Eastern,11,655,319,331,5,1442
2020-11-08,Northern,14,360,211,148,1,1443
2020-11-08,Prairie Mountain Health,7,711,111,596,4,1444
2020-11-08,Southern Health-Santé Sud,90,1320,576,724,20,1445
2020-11-08,Winnipeg,221,5499,3763,1641,95,1446
2020-11-09,All,343,8888,5204,3553,131,1447
2020-11-09,Interlake-Eastern,25,680,341,334,5,1448
2020-11-09,Northern,41,401,240,160,1,1449
2020-11-09,Prairie Mountain Health,16,727,124,599,4,1450
2020-11-09,Southern Health-Santé Sud,79,1399,607,772,20,1451
2020-11-09,Winnipeg,182,5681,3892,1688,101,1452
2020-11-10,All,505,9393,5616,3637,140,1453
2020-11-10,Interlake-Eastern,34,714,372,336,6,1454
2020-11-10,Northern,30,431,267,162,2,1455
2020-11-10,Prairie Mountain Health,15,742,136,602,4,1456
2020-11-10,Southern Health-Santé Sud,118,1517,678,819,20,1457
2020-11-10,Winnipeg,308,5989,4163,1718,108,1458
2020-11-11,All,434,9827,5960,3718,149,1459
2020-11-11,Interlake-Eastern,21,735,388,341,6,1460
2020-11-11,Northern,13,444,277,165,2,1461
2020-11-11,Prairie Mountain Health,13,755,147,604,4,1462
2020-11-11,Southern Health-Santé Sud,106,1623,751,851,21,1463
2020-11-11,Winnipeg,281,6270,4397,1757,116,1464
2020-11-12,All,407,10234,6240,3840,154,1465
2020-11-12,Interlake-Eastern,31,766,416,343,7,1466
2020-11-12,Northern,24,468,284,181,3,1467
2020-11-12,Prairie Mountain Health,15,770,161,605,4,1468
2020-11-12,Southern Health-Santé Sud,90,1713,796,896,21,1469
2020-11-12,Winnipeg,247,6517,4583,1815,119,1470
2020-11-13,All,364,10598,6509,3929,160,1471
2020-11-13,Interlake-Eastern,16,782,431,344,7,1472
2020-11-13,Northern,18,486,299,184,3,1473
2020-11-13,Prairie Mountain Health,11,781,168,609,4,1474
2020-11-13,Southern Health-Santé Sud,62,1775,810,940,25,1475
2020-11-13,Winnipeg,257,6774,4801,1852,121,1476
2020-11-14,All,349,10947,6715,4070,162,1477
2020-11-14,Interlake-Eastern,22,804,448,349,7,1478
2020-11-14,Northern,27,513,310,200,3,1479
2020-11-14,Prairie Mountain Health,32,813,196,613,4,1480
2020-11-14,Southern Health-Santé Sud,111,1886,890,971,25,1481
2020-11-14,Winnipeg,157,6931,4871,1937,123,1482
