Date,Region,"New Cases","Total Cases","Active Cases","Inpatient Hospitalizations","ICU Hospitalizations","Recovered Cases",Deaths
2020/08/04,"Far North West",0,346,4,0,0,335,7
2020/08/04,"Far North Central",0,0,0,0,0,0,0
2020/08/04,"Far North East",0,6,0,0,0,6,0
2020/08/04,"North West",1,96,22,0,0,70,4
2020/08/04,"North Central",1,63,7,0,0,55,1
2020/08/04,"North East",0,62,31,0,0,31,0
2020/08/04,Saskatoon,2,216,24,3,5,190,2
2020/08/04,"Central West",0,158,75,0,0,83,0
2020/08/04,"Central East",0,28,3,0,0,24,1
2020/08/04,Regina,4,99,13,1,2,83,1
2020/08/04,"South West",1,149,36,3,0,113,0
2020/08/04,"South Central",0,134,33,0,0,99,2
2020/08/04,"South East",0,11,5,0,0,6,0
2020/08/05,"Far North West",0,346,4,0,0,335,7
2020/08/05,"Far North Central",0,0,0,0,0,0,0
2020/08/05,"Far North East",0,6,0,0,0,6,0
2020/08/05,"North West",0,98,15,0,0,79,4
2020/08/05,"North Central",0,63,5,0,1,57,1
2020/08/05,"North East",3,65,31,0,0,34,0
2020/08/05,Saskatoon,2,217,19,3,5,196,2
2020/08/05,"Central West",1,159,73,0,0,86,0
2020/08/05,"Central East",0,28,3,1,0,24,1
2020/08/05,Regina,2,100,15,1,2,84,1
2020/08/05,"South West",0,149,30,2,0,119,0
2020/08/05,"South Central",0,134,27,0,0,105,2
2020/08/05,"South East",0,11,3,0,0,8,0
2020/08/06,"Far North West",0,346,2,0,0,337,7
2020/08/06,"Far North Central",0,0,0,0,0,0,0
2020/08/06,"Far North East",0,6,0,0,0,6,0
2020/08/06,"North West",0,98,13,0,0,81,4
2020/08/06,"North Central",0,63,4,0,1,58,1
2020/08/06,"North East",0,65,31,0,0,34,0
2020/08/06,Saskatoon,1,218,17,3,4,199,2
2020/08/06,"Central West",0,159,64,0,0,95,0
2020/08/06,"Central East",0,28,3,1,0,24,1
2020/08/06,Regina,0,100,13,1,1,85,2
2020/08/06,"South West",1,150,27,2,0,123,0
2020/08/06,"South Central",9,143,27,0,0,114,2
2020/08/06,"South East",0,11,3,0,0,8,0
2020/08/07,"Far North West",0,346,1,0,0,338,7
2020/08/07,"Far North Central",0,0,0,0,0,0,0
2020/08/07,"Far North East",0,6,0,0,0,6,0
2020/08/07,"North West",1,99,10,0,0,85,4
2020/08/07,"North Central",0,63,4,0,1,58,1
2020/08/07,"North East",0,65,17,0,0,48,0
2020/08/07,Saskatoon,3,221,13,4,3,206,2
2020/08/07,"Central West",0,159,50,0,0,109,0
2020/08/07,"Central East",2,30,5,1,0,24,1
2020/08/07,Regina,2,102,14,1,0,86,2
2020/08/07,"South West",3,153,23,2,0,129,1
2020/08/07,"South Central",12,154,28,1,0,124,2
2020/08/07,"South East",0,11,3,0,0,8,0
2020/08/08,"Far North West",0,346,1,0,0,338,7
2020/08/08,"Far North Central",0,0,0,0,0,0,0
2020/08/08,"Far North East",0,6,0,0,0,6,0
2020/08/08,"North West",0,99,8,0,0,87,4
2020/08/08,"North Central",3,66,4,0,1,61,1
2020/08/08,"North East",0,65,13,0,0,52,0
2020/08/08,Saskatoon,11,224,13,3,4,209,2
2020/08/08,"Central West",0,159,45,0,0,114,0
2020/08/08,"Central East",0,30,3,0,0,26,1
2020/08/08,Regina,3,113,25,1,0,86,2
2020/08/08,"South West",1,154,24,3,0,129,1
2020/08/08,"South Central",5,159,28,1,0,129,2
2020/08/08,"South East",0,11,3,0,0,8,0
2020/08/09,"Far North West",0,346,1,0,0,338,7
2020/08/09,"Far North Central",0,0,0,0,0,0,0
2020/08/09,"Far North East",0,6,0,0,0,6,0
2020/08/09,"North West",1,100,9,0,0,87,4
2020/08/09,"North Central",0,66,4,0,0,61,1
2020/08/09,"North East",0,65,13,0,0,52,0
2020/08/09,Saskatoon,1,224,12,3,3,210,2
2020/08/09,"Central West",1,160,42,0,0,118,0
2020/08/09,"Central East",0,30,3,0,0,26,1
2020/08/09,Regina,5,118,29,1,1,87,2
2020/08/09,"South West",3,156,23,2,2,132,1
2020/08/09,"South Central",3,162,29,1,1,131,2
2020/08/09,"South East",0,11,2,0,0,9,0
2020/08/10,"Far North West",0,346,1,0,0,338,7
2020/08/10,"Far North Central",0,0,0,0,0,0,0
2020/08/10,"Far North East",0,6,0,0,0,6,0
2020/08/10,"North West",0,100,8,0,0,88,4
2020/08/10,"North Central",0,66,4,0,1,61,1
2020/08/10,"North East",0,65,13,0,0,52,0
2020/08/10,Saskatoon,1,225,13,3,3,210,2
2020/08/10,"Central West",0,160,40,0,0,120,0
2020/08/10,"Central East",0,30,3,0,0,26,1
2020/08/10,Regina,3,121,30,1,0,89,2
2020/08/10,"South West",0,156,23,3,1,132,1
2020/08/10,"South Central",1,163,27,1,0,134,2
2020/08/10,"South East",0,11,2,0,0,9,0
2020/08/11,"Far North West",0,346,1,0,0,338,7
2020/08/11,"Far North Central",0,0,0,0,0,0,0
2020/08/11,"Far North East",0,6,0,0,0,6,0
2020/08/11,"North West",1,101,7,0,0,90,4
2020/08/11,"North Central",0,66,4,0,1,61,1
2020/08/11,"North East",1,65,7,0,0,58,0
2020/08/11,Saskatoon,17,242,29,3,3,211,2
2020/08/11,"Central West",0,160,29,0,0,131,0
2020/08/11,"Central East",0,30,3,0,0,26,1
2020/08/11,Regina,4,125,34,1,0,89,2
2020/08/11,"South West",4,160,22,1,1,137,1
2020/08/11,"South Central",3,166,27,1,0,137,2
2020/08/11,"South East",0,11,1,0,0,10,0
2020/08/12,"Far North West",0,346,1,0,0,338,7
2020/08/12,"Far North Central",0,0,0,0,0,0,0
2020/08/12,"Far North East",0,6,0,0,0,6,0
2020/08/12,"North West",0,101,6,0,0,91,4
2020/08/12,"North Central",1,67,5,0,1,61,1
2020/08/12,"North East",0,65,4,0,0,61,0
2020/08/12,Saskatoon,0,242,28,3,3,212,2
2020/08/12,"Central West",0,160,16,0,0,144,0
2020/08/12,"Central East",0,30,3,0,0,26,1
2020/08/12,Regina,4,129,38,1,0,89,2
2020/08/12,"South West",0,160,20,0,1,139,1
2020/08/12,"South Central",0,166,27,1,0,137,2
2020/08/12,"South East",0,11,1,0,0,10,0
2020/08/13,"Far North West",0,346,0,0,0,339,7
2020/08/13,"Far North Central",0,0,0,0,0,0,0
2020/08/13,"Far North East",0,6,0,0,0,6,0
2020/08/13,"North West",0,101,6,0,0,91,4
2020/08/13,"North Central",0,67,4,1,1,62,1
2020/08/13,"North East",0,65,4,0,0,61,0
2020/08/13,Saskatoon,3,245,29,3,3,214,2
2020/08/13,"Central West",0,160,14,0,0,146,0
2020/08/13,"Central East",0,30,3,0,0,26,1
2020/08/13,Regina,2,131,40,1,0,89,2
2020/08/13,"South West",18,178,36,0,1,141,1
2020/08/13,"South Central",4,170,29,1,0,139,2
2020/08/13,"South East",0,11,0,0,0,11,0
2020/08/14,"Far North West",0,346,0,0,0,339,7
2020/08/14,"Far North Central",0,0,0,0,0,0,0
2020/08/14,"Far North East",0,6,0,0,0,6,0
2020/08/14,"North West",0,101,5,0,0,92,4
2020/08/14,"North Central",1,68,3,1,1,64,1
2020/08/14,"North East",0,65,1,0,0,64,0
2020/08/14,Saskatoon,0,245,26,3,3,217,2
2020/08/14,"Central West",0,160,12,0,0,148,0
2020/08/14,"Central East",0,30,3,0,0,26,1
2020/08/14,Regina,0,131,40,1,0,89,2
2020/08/14,"South West",23,201,54,0,1,146,1
2020/08/14,"South Central",6,176,29,0,0,145,2
2020/08/14,"South East",0,11,0,0,0,11,0
2020/08/15,"Far North West",0,346,0,0,0,339,7
2020/08/15,"Far North Central",0,0,0,0,0,0,0
2020/08/15,"Far North East",0,6,0,0,0,6,0
2020/08/15,"North West",17,118,22,0,0,92,4
2020/08/15,"North Central",0,68,2,0,1,65,1
2020/08/15,"North East",0,65,0,0,0,65,0
2020/08/15,Saskatoon,2,247,27,2,3,218,2
2020/08/15,"Central West",6,160,10,0,0,150,0
2020/08/15,"Central East",0,30,3,0,0,26,1
2020/08/15,Regina,0,131,39,1,0,90,2
2020/08/15,"South West",0,201,52,0,1,148,1
2020/08/15,"South Central",0,182,33,0,0,146,3
2020/08/15,"South East",0,11,0,0,0,11,0
2020/08/16,"Far North West",0,346,0,0,0,339,7
2020/08/16,"Far North Central",0,0,0,0,0,0,0
2020/08/16,"Far North East",0,6,0,0,0,6,0
2020/08/16,"North West",1,119,23,0,0,92,4
2020/08/16,"North Central",0,68,1,0,0,65,2
2020/08/16,"North East",0,65,0,0,0,65,0
2020/08/16,Saskatoon,0,247,24,1,4,221,2
2020/08/16,"Central West",1,161,9,0,0,152,0
2020/08/16,"Central East",3,33,6,0,0,26,1
2020/08/16,Regina,0,131,39,1,0,90,2
2020/08/16,"South West",5,206,55,2,0,150,1
2020/08/16,"South Central",5,187,36,0,0,148,3
2020/08/16,"South East",0,11,0,0,0,11,0
2020/08/17,"Far North West",0,346,0,0,0,339,7
2020/08/17,"Far North Central",0,0,0,0,0,0,0
2020/08/17,"Far North East",0,6,0,0,0,6,0
2020/08/17,"North West",0,119,23,0,0,92,4
2020/08/17,"North Central",0,68,1,0,0,65,2
2020/08/17,"North East",0,65,0,0,0,65,0
2020/08/17,Saskatoon,0,247,23,1,4,222,2
2020/08/17,"Central West",0,161,7,0,0,154,0
2020/08/17,"Central East",0,33,4,0,0,28,1
2020/08/17,Regina,0,131,33,1,0,96,2
2020/08/17,"South West",1,207,49,2,0,157,1
2020/08/17,"South Central",0,187,32,0,0,152,3
2020/08/17,"South East",0,11,0,0,0,11,0
2020/08/18,"Far North West",0,346,0,0,0,339,7
2020/08/18,"Far North Central",0,,0,0,0,,0
2020/08/18,"Far North East",0,6,0,0,0,6,0
2020/08/18,"North West",0,119,23,0,0,92,4
2020/08/18,"North Central",0,68,1,0,0,65,2
2020/08/18,"North East",0,65,0,0,0,65,0
2020/08/18,Saskatoon,1,248,22,1,4,224,2
2020/08/18,"Central West",0,161,7,0,0,154,0
2020/08/18,"Central East",0,33,4,0,0,28,1
2020/08/18,Regina,0,131,25,1,0,104,2
2020/08/18,"South West",0,207,46,2,0,160,1
2020/08/18,"South Central",0,187,29,0,0,155,3
2020/08/18,"South East",0,11,0,0,0,11,0
2020/08/19,"Far North West",0,346,0,0,0,339,7
2020/08/19,"Far North Central",0,,0,0,0,,0
2020/08/19,"Far North East",0,6,0,0,0,6,0
2020/08/19,"North West",2,121,25,0,0,92,4
2020/08/19,"North Central",0,68,1,0,0,65,2
2020/08/19,"North East",0,65,0,0,0,65,0
2020/08/19,Saskatoon,0,248,18,1,4,228,2
2020/08/19,"Central West",0,161,7,0,0,154,0
2020/08/19,"Central East",0,33,4,0,0,28,1
2020/08/19,Regina,0,131,25,2,0,104,2
2020/08/19,"South West",2,209,46,0,0,162,1
2020/08/19,"South Central",0,187,28,0,0,156,3
2020/08/19,"South East",0,11,0,0,0,11,0
2020/08/20,"Far North West",0,346,0,0,0,339,7
2020/08/20,"Far North Central",0,,0,0,0,,0
2020/08/20,"Far North East",0,6,0,0,0,6,0
2020/08/20,"North West",2,121,25,0,0,92,4
2020/08/20,"North Central",0,68,1,0,0,65,2
2020/08/20,"North East",0,65,0,0,0,65,0
2020/08/20,Saskatoon,1,249,19,1,4,228,2
2020/08/20,"Central West",0,161,7,0,0,154,0
2020/08/20,"Central East",0,33,1,0,0,31,1
2020/08/20,Regina,0,131,21,0,0,108,2
2020/08/20,"South West",0,209,46,0,0,162,1
2020/08/20,"South Central",3,190,29,0,0,158,3
2020/08/20,"South East",0,11,0,0,0,11,0
2020/08/21,"Far North West",0,346,0,0,0,339,7
2020/08/21,"Far North Central",0,0,0,0,0,,0
2020/08/21,"Far North East",0,6,0,0,0,6,0
2020/08/21,"North West",2,123,25,0,0,94,4
2020/08/21,"North Central",0,68,1,0,0,65,2
2020/08/21,"North East",1,66,1,0,0,65,0
2020/08/21,Saskatoon,1,250,15,1,4,233,2
2020/08/21,"Central West",0,161,5,0,0,156,0
2020/08/21,"Central East",0,33,1,0,0,31,1
2020/08/21,Regina,0,131,20,0,0,109,2
2020/08/21,"South West",2,211,41,0,0,169,1
2020/08/21,"South Central",0,189,25,0,0,161,3
2020/08/21,"South East",0,11,0,0,0,11,0
2020/08/22,"Far North West",0,346,0,0,0,339,7
2020/08/22,"Far North Central",0,0,0,0,0,,0
2020/08/22,"Far North East",0,6,0,0,0,6,0
2020/08/22,"North West",0,123,24,0,0,94,4
2020/08/22,"North Central",0,68,1,0,0,65,2
2020/08/22,"North East",0,66,1,0,0,65,0
2020/08/22,Saskatoon,1,251,12,1,4,237,2
2020/08/22,"Central West",0,161,4,0,0,157,0
2020/08/22,"Central East",0,33,1,0,0,31,1
2020/08/22,Regina,0,131,14,0,0,115,2
2020/08/22,"South West",1,212,36,0,0,175,1
2020/08/22,"South Central",0,189,24,0,0,162,3
2020/08/22,"South East",0,11,0,0,0,11,0
2020/08/23,"Far North West",0,346,0,0,0,339,7
2020/08/23,"Far North Central",0,0,0,0,0,0,0
2020/08/23,"Far North East",0,6,0,0,0,6,0
2020/08/23,"North West",0,123,24,0,0,95,4
2020/08/23,"North Central",1,69,2,0,0,65,2
2020/08/23,"North East",0,66,1,0,0,65,0
2020/08/23,Saskatoon,0,251,6,1,4,243,2
2020/08/23,"Central West",0,161,4,0,0,157,0
2020/08/23,"Central East",0,33,1,0,0,31,1
2020/08/23,Regina,1,132,14,0,0,116,2
2020/08/23,"South West",1,213,33,0,0,179,1
2020/08/23,"South Central",0,189,21,0,0,165,3
2020/08/23,"South East",0,11,0,0,0,11,0
2020/08/24,"Far North West",0,346,0,0,0,339,7
2020/08/24,"Far North Central",0,0,0,0,0,0,0
2020/08/24,"Far North East",0,6,0,0,0,6,0
2020/08/24,"North West",3,126,26,0,0,96,4
2020/08/24,"North Central",1,68,0,0,0,66,2
2020/08/24,"North East",0,66,1,0,0,65,0
2020/08/24,Saskatoon,0,251,5,1,4,244,2
2020/08/24,"Central West",0,161,2,0,0,159,0
2020/08/24,"Central East",0,33,1,0,0,31,1
2020/08/24,Regina,0,132,14,0,0,116,2
2020/08/24,"South West",0,213,31,0,0,181,1
2020/08/24,"South Central",0,189,18,0,0,168,3
2020/08/24,"South East",0,11,0,0,0,11,0
2020/08/25,"Far North West",0,346,0,0,0,339,7
2020/08/25,"Far North Central",0,0,0,0,0,0,0
2020/08/25,"Far North East",0,6,0,0,0,6,0
2020/08/25,"North West",0,125,25,0,0,96,4
2020/08/25,"North Central",0,68,0,0,0,66,2
2020/08/25,"North East",0,66,1,0,0,65,0
2020/08/25,Saskatoon,0,251,4,1,3,245,2
2020/08/25,"Central West",0,161,1,0,0,159,1
2020/08/25,"Central East",0,33,1,0,0,31,1
2020/08/25,Regina,0,132,10,0,0,120,2
2020/08/25,"South West",0,213,28,0,0,184,1
2020/08/25,"South Central",0,189,18,0,0,168,3
2020/08/25,"South East",0,11,0,0,0,11,0
2020/08/26,"Far North West",0,346,0,0,0,339,7
2020/08/26,"Far North Central",0,0,0,0,0,0,0
2020/08/26,"Far North East",0,6,0,0,0,6,0
2020/08/26,"North West",0,125,9,0,0,112,4
2020/08/26,"North Central",0,68,0,0,0,66,2
2020/08/26,"North East",0,66,1,0,0,65,0
2020/08/26,Saskatoon,3,254,7,1,2,245,2
2020/08/26,"Central West",0,161,1,0,0,159,1
2020/08/26,"Central East",0,33,1,0,0,31,1
2020/08/26,Regina,0,132,5,0,0,125,2
2020/08/26,"South West",0,213,21,0,0,191,1
2020/08/26,"South Central",0,189,15,0,0,170,4
2020/08/26,"South East",0,11,0,0,0,11,0
2020/08/27,"Far North West",0,346,0,0,0,339,7
2020/08/27,"Far North Central",0,0,0,0,0,0,0
2020/08/27,"Far North East",0,6,0,0,0,6,0
2020/08/27,"North West",3,128,12,0,0,112,4
2020/08/27,"North Central",0,68,0,0,0,66,2
2020/08/27,"North East",0,66,1,0,0,65,0
2020/08/27,Saskatoon,2,256,9,1,2,245,2
2020/08/27,"Central West",0,161,1,0,0,159,1
2020/08/27,"Central East",0,33,1,0,0,31,1
2020/08/27,Regina,0,132,5,0,0,125,2
2020/08/27,"South West",0,213,16,0,0,196,1
2020/08/27,"South Central",0,189,13,0,0,172,4
2020/08/27,"South East",0,11,0,0,0,11,0
2020/08/28,"Far North West",1,347,1,0,0,339,7
2020/08/28,"Far North Central",0,0,0,0,0,0,0
2020/08/28,"Far North East",0,6,0,0,0,6,0
2020/08/28,"North West",0,128,8,0,0,116,4
2020/08/28,"North Central",0,68,0,0,0,66,2
2020/08/28,"North East",0,66,1,0,0,65,0
2020/08/28,Saskatoon,1,257,8,1,2,247,2
2020/08/28,"Central West",0,161,1,0,0,159,1
2020/08/28,"Central East",0,33,1,0,0,32,1
2020/08/28,Regina,0,132,0,0,0,129,2
2020/08/28,"South West",0,213,13,0,0,199,1
2020/08/28,"South Central",0,189,11,0,0,174,4
2020/08/28,"South East",0,11,0,0,0,11,0
2020/08/29,"Far North West",0,347,1,0,0,339,7
2020/08/29,"Far North Central",0,0,0,0,0,0,0
2020/08/29,"Far North East",0,6,0,0,0,6,0
2020/08/29,"North West",0,128,8,0,0,116,4
2020/08/29,"North Central",0,68,0,0,0,66,2
2020/08/29,"North East",0,66,1,0,0,65,0
2020/08/29,Saskatoon,2,259,10,1,2,247,2
2020/08/29,"Central West",0,161,1,0,0,159,1
2020/08/29,"Central East",0,33,1,0,0,32,1
2020/08/29,Regina,0,132,1,0,0,129,2
2020/08/29,"South West",2,215,13,0,0,201,1
2020/08/29,"South Central",0,189,8,0,0,177,4
2020/08/29,"South East",0,11,0,0,0,11,0
2020/08/30,"Far North West",0,347,1,0,0,339,7
2020/08/30,"Far North Central",0,0,0,0,0,0,0
2020/08/30,"Far North East",0,6,0,0,0,6,0
2020/08/30,"North West",0,128,8,0,0,116,4
2020/08/30,"North Central",0,68,0,0,0,66,2
2020/08/30,"North East",0,66,1,0,0,65,0
2020/08/30,Saskatoon,0,259,10,1,2,247,2
2020/08/30,"Central West",0,161,1,0,0,159,1
2020/08/30,"Central East",0,33,1,0,0,32,1
2020/08/30,Regina,0,132,1,0,0,129,2
2020/08/30,"South West",0,215,12,0,0,202,1
2020/08/30,"South Central",0,189,8,0,0,177,4
2020/08/30,"South East",0,11,0,0,0,11,0
2020/08/31,"Far North West",0,347,1,0,0,339,7
2020/08/31,"Far North Central",0,0,0,0,0,0,0
2020/08/31,"Far North East",0,6,0,0,0,6,0
2020/08/31,"North West",0,128,8,0,0,116,4
2020/08/31,"North Central",0,68,0,0,0,66,2
2020/08/31,"North East",0,66,1,0,0,65,0
2020/08/31,Saskatoon,1,260,11,1,2,247,2
2020/08/31,"Central West",0,161,1,0,0,159,1
2020/08/31,"Central East",1,34,1,0,0,32,1
2020/08/31,Regina,0,132,1,0,0,129,2
2020/08/31,"South West",1,216,4,0,0,211,1
2020/08/31,"South Central",1,190,6,0,0,180,4
2020/08/31,"South East",0,11,0,0,0,11,0
2020/09/01,"Far North West",0,347,1,0,0,339,7
2020/09/01,"Far North Central",0,0,0,0,0,0,0
2020/09/01,"Far North East",0,6,0,0,0,6,0
2020/09/01,"North West",0,128,5,0,0,119,4
2020/09/01,"North Central",1,69,1,0,0,66,2
2020/09/01,"North East",0,66,1,0,0,65,0
2020/09/01,Saskatoon,1,261,12,1,2,247,2
2020/09/01,"Central West",0,161,1,0,0,159,1
2020/09/01,"Central East",0,34,1,0,0,32,1
2020/09/01,Regina,0,132,1,0,0,129,2
2020/09/01,"South West",0,216,4,0,0,211,1
2020/09/01,"South Central",0,190,3,0,0,183,4
2020/09/01,"South East",0,11,0,0,0,11,0
2020/09/02,"Far North West",0,347,1,0,0,339,7
2020/09/02,"Far North Central",0,0,0,0,0,0,0
2020/09/02,"Far North East",0,6,0,0,0,6,0
2020/09/02,"North West",1,130,7,0,0,119,4
2020/09/02,"North Central",0,69,1,0,0,66,2
2020/09/02,"North East",0,66,0,0,0,66,0
2020/09/02,Saskatoon,0,261,11,1,1,248,2
2020/09/02,"Central West",0,161,1,0,0,159,1
2020/09/02,"Central East",0,34,1,0,0,32,1
2020/09/02,Regina,0,132,0,0,0,130,2
2020/09/02,"South West",0,216,4,0,0,211,1
2020/09/02,"South Central",1,191,3,0,0,184,4
2020/09/02,"South East",0,11,0,0,0,11,0
2020/09/03,"Far North West",0,347,1,0,0,339,7
2020/09/03,"Far North Central",0,0,0,0,0,0,0
2020/09/03,"Far North East",0,6,0,0,0,6,0
2020/09/03,"North West",0,130,5,0,0,121,4
2020/09/03,"North Central",1,70,2,0,0,66,2
2020/09/03,"North East",0,66,0,0,0,66,0
2020/09/03,Saskatoon,6,267,17,1,1,248,2
2020/09/03,"Central West",2,163,2,0,0,160,1
2020/09/03,"Central East",0,34,1,0,0,32,1
2020/09/03,Regina,0,132,0,0,0,130,2
2020/09/03,"South West",0,216,4,0,0,211,1
2020/09/03,"South Central",1,192,4,0,0,184,4
2020/09/03,"South East",0,11,0,0,0,11,0
2020/09/04,"Far North West",0,347,1,0,0,339,7
2020/09/04,"Far North Central",0,0,0,0,0,0,0
2020/09/04,"Far North East",0,6,0,0,0,6,0
2020/09/04,"North West",0,130,4,0,0,122,4
2020/09/04,"North Central",1,71,3,0,0,66,2
2020/09/04,"North East",0,66,0,0,0,66,0
2020/09/04,Saskatoon,0,267,14,2,1,251,2
2020/09/04,"Central West",1,164,3,0,0,160,1
2020/09/04,"Central East",0,34,1,0,0,32,1
2020/09/04,Regina,0,132,0,0,0,130,2
2020/09/04,"South West",1,217,5,0,0,211,1
2020/09/04,"South Central",1,193,5,0,0,184,4
2020/09/04,"South East",0,11,0,0,0,11,0
2020/09/05,"Far North West",0,347,1,0,0,339,7
2020/09/05,"Far North Central",0,0,0,0,0,0,0
2020/09/05,"Far North East",0,6,0,0,0,6,0
2020/09/05,"North West",0,130,4,0,0,122,4
2020/09/05,"North Central",0,71,3,0,0,66,2
2020/09/05,"North East",0,66,0,0,0,66,0
2020/09/05,Saskatoon,3,270,16,1,1,252,2
2020/09/05,"Central West",0,164,3,0,0,160,1
2020/09/05,"Central East",0,34,1,0,0,32,1
2020/09/05,Regina,0,132,0,0,0,130,2
2020/09/05,"South West",0,217,5,0,0,211,1
2020/09/05,"South Central",2,195,7,0,0,184,4
2020/09/05,"South East",0,11,0,0,0,11,0
2020/09/06,"Far North West",0,347,1,0,0,339,7
2020/09/06,"Far North Central",0,0,0,0,0,0,0
2020/09/06,"Far North East",0,6,0,0,0,6,0
2020/09/06,"North West",1,131,5,0,0,122,4
2020/09/06,"North Central",0,71,3,0,0,66,2
2020/09/06,"North East",0,66,0,0,0,66,0
2020/09/06,Saskatoon,3,273,19,0,1,252,2
2020/09/06,"Central West",0,164,3,0,0,160,1
2020/09/06,"Central East",2,36,3,0,0,32,1
2020/09/06,Regina,1,133,1,0,0,130,2
2020/09/06,"South West",0,217,5,0,0,211,1
2020/09/06,"South Central",0,195,7,0,0,184,4
2020/09/06,"South East",1,12,1,0,0,11,0
2020/09/07,"Far North West",2,349,3,0,0,339,7
2020/09/07,"Far North Central",0,0,0,0,0,0,0
2020/09/07,"Far North East",0,6,0,0,0,6,0
2020/09/07,"North West",0,131,5,0,0,122,4
2020/09/07,"North Central",0,71,3,0,0,66,2
2020/09/07,"North East",0,66,0,0,0,66,0
2020/09/07,Saskatoon,2,275,21,0,1,252,2
2020/09/07,"Central West",2,166,5,0,0,160,1
2020/09/07,"Central East",1,37,4,0,0,32,1
2020/09/07,Regina,0,133,1,0,0,130,2
2020/09/07,"South West",1,218,5,0,0,212,1
2020/09/07,"South Central",1,196,8,0,0,184,4
2020/09/07,"South East",1,13,2,0,0,11,0
2020/09/08,"Far North West",0,349,3,0,0,339,7
2020/09/08,"Far North Central",0,0,0,0,0,0,0
2020/09/08,"Far North East",0,6,0,0,0,6,0
2020/09/08,"North West",0,131,5,0,0,122,4
2020/09/08,"North Central",2,73,5,0,0,66,2
2020/09/08,"North East",0,66,0,0,0,66,0
2020/09/08,Saskatoon,1,276,15,0,1,259,2
2020/09/08,"Central West",0,166,5,0,0,160,1
2020/09/08,"Central East",0,37,4,0,0,32,1
2020/09/08,Regina,3,136,4,0,0,130,2
2020/09/08,"South West",0,218,5,0,0,212,1
2020/09/08,"South Central",1,197,9,0,0,184,4
2020/09/08,"South East",0,13,2,0,0,11,0
2020/09/09,"Far North West",0,349,3,0,0,339,7
2020/09/09,"Far North Central",0,0,0,0,0,0,0
2020/09/09,"Far North East",0,6,0,0,0,6,0
2020/09/09,"North West",0,131,5,0,0,122,4
2020/09/09,"North Central",0,73,5,0,0,66,2
2020/09/09,"North East",0,66,0,0,0,66,0
2020/09/09,Saskatoon,1,277,16,0,1,259,2
2020/09/09,"Central West",0,166,5,0,0,160,1
2020/09/09,"Central East",0,37,4,0,0,32,1
2020/09/09,Regina,0,137,5,0,0,130,2
2020/09/09,"South West",0,218,5,0,0,212,1
2020/09/09,"South Central",0,197,9,0,0,184,4
2020/09/09,"South East",0,13,2,0,0,11,0
2020/09/10,"Far North West",0,349,3,0,0,339,7
2020/09/10,"Far North Central",0,0,0,0,0,0,0
2020/09/10,"Far North East",1,7,1,0,0,6,0
2020/09/10,"North West",0,131,5,0,0,122,4
2020/09/10,"North Central",0,73,4,0,0,67,2
2020/09/10,"North East",0,66,0,0,0,66,0
2020/09/10,Saskatoon,1,278,16,1,0,260,2
2020/09/10,"Central West",1,167,6,0,0,160,1
2020/09/10,"Central East",1,38,4,0,0,33,1
2020/09/10,Regina,1,138,6,0,0,130,2
2020/09/10,"South West",0,218,4,0,0,213,1
2020/09/10,"South Central",0,197,7,0,0,186,4
2020/09/10,"South East",1,13,2,0,0,11,0
2020/09/11,"Far North West",0,349,2,0,0,340,7
2020/09/11,"Far North Central",0,0,0,0,0,0,0
2020/09/11,"Far North East",1,8,2,0,0,6,0
2020/09/11,"North West",0,131,5,0,0,122,4
2020/09/11,"North Central",0,73,4,0,0,67,2
2020/09/11,"North East",0,66,0,0,0,66,0
2020/09/11,Saskatoon,4,282,20,2,0,260,2
2020/09/11,"Central West",0,167,6,0,0,160,1
2020/09/11,"Central East",7,45,11,0,0,33,1
2020/09/11,Regina,1,139,7,0,0,130,2
2020/09/11,"South West",0,218,2,0,0,215,1
2020/09/11,"South Central",0,197,5,0,0,188,4
2020/09/11,"South East",0,13,2,0,0,11,0
2020/09/12,"Far North West",0,349,2,0,0,340,7
2020/09/12,"Far North Central",0,0,0,0,0,0,0
2020/09/12,"Far North East",0,8,2,0,0,6,0
2020/09/12,"North West",0,131,3,0,0,124,4
2020/09/12,"North Central",0,73,4,0,0,67,2
2020/09/12,"North East",0,66,0,0,0,66,0
2020/09/12,Saskatoon,5,287,24,2,0,261,2
2020/09/12,"Central West",0,167,6,0,0,160,1
2020/09/12,"Central East",14,59,25,0,0,33,1
2020/09/12,Regina,0,139,7,0,0,130,2
2020/09/12,"South West",2,220,3,0,0,216,1
2020/09/12,"South Central",0,197,5,0,0,188,4
2020/09/12,"South East",0,13,2,0,0,11,0
2020/09/13,"Far North West",0,349,2,0,0,340,7
2020/09/13,"Far North Central",0,0,0,0,0,0,0
2020/09/13,"Far North East",0,8,2,0,0,6,0
2020/09/13,"North West",0,131,3,0,0,124,4
2020/09/13,"North Central",0,73,3,0,0,68,2
2020/09/13,"North East",0,66,0,0,0,66,0
2020/09/13,Saskatoon,14,301,38,2,0,261,2
2020/09/13,"Central West",1,168,7,0,0,160,1
2020/09/13,"Central East",1,60,26,0,0,33,1
2020/09/13,Regina,0,139,7,0,0,130,2
2020/09/13,"South West",0,220,3,0,0,216,1
2020/09/13,"South Central",0,197,5,0,0,188,4
2020/09/13,"South East",0,13,2,0,0,11,0
2020/09/14,"Far North West",0,349,2,0,0,340,7
2020/09/14,"Far North Central",0,0,0,0,0,0,0
2020/09/14,"Far North East",0,8,2,0,0,6,0
2020/09/14,"North West",0,131,3,0,0,124,4
2020/09/14,"North Central",0,73,3,0,0,68,2
2020/09/14,"North East",0,66,0,0,0,66,0
2020/09/14,Saskatoon,6,307,43,3,0,262,2
2020/09/14,"Central West",0,168,7,0,0,160,1
2020/09/14,"Central East",0,59,25,0,0,33,1
2020/09/14,Regina,0,139,7,0,0,130,2
2020/09/14,"South West",1,221,4,0,0,216,1
2020/09/14,"South Central",1,197,5,0,0,188,4
2020/09/14,"South East",0,13,2,0,0,11,0
2020/09/15,"Far North West",0,349,2,0,0,340,7
2020/09/15,"Far North Central",0,0,0,0,0,0,0
2020/09/15,"Far North East",0,8,2,0,0,6,0
2020/09/15,"North West",0,131,2,0,0,125,4
2020/09/15,"North Central",0,73,2,0,0,69,2
2020/09/15,"North East",0,66,0,0,0,66,0
2020/09/15,Saskatoon,8,315,42,4,0,271,2
2020/09/15,"Central West",0,168,6,0,0,161,1
2020/09/15,"Central East",2,61,27,0,0,33,1
2020/09/15,Regina,0,139,7,0,0,130,2
2020/09/15,"South West",0,221,4,0,0,216,1
2020/09/15,"South Central",0,197,5,0,0,188,4
2020/09/15,"South East",0,13,2,0,0,11,0
2020/09/16,"Far North West",0,349,2,0,0,340,7
2020/09/16,"Far North Central",0,0,0,0,0,0,0
2020/09/16,"Far North East",0,8,2,0,0,6,0
2020/09/16,"North West",0,131,2,0,0,125,4
2020/09/16,"North Central",0,73,1,0,0,70,2
2020/09/16,"North East",1,67,1,0,0,66,0
2020/09/16,Saskatoon,7,322,47,4,0,273,2
2020/09/16,"Central West",0,168,6,0,0,161,1
2020/09/16,"Central East",0,61,27,0,0,33,1
2020/09/16,Regina,1,140,8,0,0,130,2
2020/09/16,"South West",0,221,3,0,0,217,1
2020/09/16,"South Central",0,197,5,0,0,188,4
2020/09/16,"South East",0,13,2,0,0,11,0
2020/09/17,"Far North West",0,349,2,0,0,340,7
2020/09/17,"Far North Central",0,0,0,0,0,0,0
2020/09/17,"Far North East",0,8,2,0,0,6,0
2020/09/17,"North West",0,131,2,0,0,125,4
2020/09/17,"North Central",0,73,1,0,0,70,2
2020/09/17,"North East",0,67,1,0,0,66,0
2020/09/17,Saskatoon,4,326,50,5,0,274,2
2020/09/17,"Central West",0,168,4,0,0,163,1
2020/09/17,"Central East",0,61,26,0,0,34,1
2020/09/17,Regina,0,140,8,0,0,130,2
2020/09/17,"South West",1,222,4,0,0,217,1
2020/09/17,"South Central",0,197,5,0,0,188,4
2020/09/17,"South East",2,15,4,0,0,11,0
2020/09/18,"Far North West",0,349,1,0,0,341,7
2020/09/18,"Far North Central",0,0,0,0,0,0,0
2020/09/18,"Far North East",0,8,2,0,0,6,0
2020/09/18,"North West",0,131,2,0,0,125,4
2020/09/18,"North Central",0,73,1,0,0,70,2
2020/09/18,"North East",0,67,1,0,0,66,0
2020/09/18,Saskatoon,12,338,61,5,0,275,2
2020/09/18,"Central West",3,171,6,0,0,164,1
2020/09/18,"Central East",0,61,19,0,0,41,1
2020/09/18,Regina,4,144,10,0,0,132,2
2020/09/18,"South West",0,222,4,0,0,217,1
2020/09/18,"South Central",0,197,4,0,0,189,4
2020/09/18,"South East",0,15,2,0,0,13,0
2020/09/19,"Far North West",0,349,1,0,0,341,7
2020/09/19,"Far North Central",0,0,0,0,0,0,0
2020/09/19,"Far North East",0,8,2,0,0,6,0
2020/09/19,"North West",0,131,2,0,0,125,4
2020/09/19,"North Central",0,73,1,0,0,70,2
2020/09/19,"North East",0,67,1,0,0,66,0
2020/09/19,Saskatoon,2,340,63,7,1,275,2
2020/09/19,"Central West",1,172,7,0,0,164,1
2020/09/19,"Central East",1,62,20,0,0,41,1
2020/09/19,Regina,5,149,13,1,0,134,2
2020/09/19,"South West",0,222,4,0,0,217,1
2020/09/19,"South Central",2,199,5,1,0,190,4
2020/09/19,"South East",0,15,2,0,0,13,0
2020/09/20,"Far North West",0,349,1,0,0,341,7
2020/09/20,"Far North Central",0,0,0,0,0,0,0
2020/09/20,"Far North East",0,8,2,0,0,6,0
2020/09/20,"North West",0,131,2,0,0,125,4
2020/09/20,"North Central",0,73,1,0,0,70,2
2020/09/20,"North East",0,67,1,0,0,66,0
2020/09/20,Saskatoon,7,347,70,7,1,275,2
2020/09/20,"Central West",0,172,7,0,0,164,1
2020/09/20,"Central East",0,62,20,0,0,42,1
2020/09/20,Regina,10,159,23,1,0,134,2
2020/09/20,"South West",0,222,4,0,0,217,1
2020/09/20,"South Central",0,199,5,1,0,190,4
2020/09/20,"South East",2,17,4,0,0,13,0
2020/09/21,"Far North West",0,349,1,0,0,341,7
2020/09/21,"Far North Central",0,0,0,0,0,0,0
2020/09/21,"Far North East",0,8,2,0,0,6,0
2020/09/21,"North West",0,131,2,0,0,125,4
2020/09/21,"North Central",0,73,1,0,0,70,2
2020/09/21,"North East",0,67,1,0,0,66,0
2020/09/21,Saskatoon,5,353,76,7,1,275,2
2020/09/21,"Central West",0,172,7,0,0,164,1
2020/09/21,"Central East",0,62,19,0,0,42,1
2020/09/21,Regina,1,160,22,1,0,136,2
2020/09/21,"South West",0,222,4,0,0,217,1
2020/09/21,"South Central",0,199,5,1,0,190,4
2020/09/21,"South East",1,18,5,0,0,13,0
2020/09/22,"Far North West",0,349,1,0,0,341,7
2020/09/22,"Far North Central",0,0,0,0,0,0,0
2020/09/22,"Far North East",1,9,1,0,0,8,0
2020/09/22,"North West",0,131,2,0,0,125,4
2020/09/22,"North Central",0,73,0,0,0,71,2
2020/09/22,"North East",0,67,1,0,0,66,0
2020/09/22,Saskatoon,6,359,81,7,1,276,2
2020/09/22,"Central West",1,173,7,0,0,165,1
2020/09/22,"Central East",0,62,16,0,0,45,1
2020/09/22,Regina,2,162,24,0,0,136,2
2020/09/22,"South West",0,222,4,0,0,217,1
2020/09/22,"South Central",0,199,4,1,0,191,4
2020/09/22,"South East",0,18,5,0,0,13,0
2020/09/23,"Far North West",0,349,1,0,0,341,7
2020/09/23,"Far North Central",0,0,0,0,0,0,0
2020/09/23,"Far North East",0,9,1,0,0,8,0
2020/09/23,"North West",0,131,2,0,0,125,4
2020/09/23,"North Central",0,73,0,0,0,71,2
2020/09/23,"North East",0,67,1,0,0,66,0
2020/09/23,Saskatoon,2,361,78,7,1,281,2
2020/09/23,"Central West",1,174,8,0,0,165,1
2020/09/23,"Central East",0,62,4,0,0,57,1
2020/09/23,Regina,3,165,26,0,0,137,2
2020/09/23,"South West",0,222,4,0,0,217,1
2020/09/23,"South Central",0,199,3,1,0,192,4
2020/09/23,"South East",0,18,5,0,0,13,0
2020/09/24,"Far North West",0,349,1,0,0,341,7
2020/09/24,"Far North Central",0,0,0,0,0,0,0
2020/09/24,"Far North East",0,9,1,0,0,8,0
2020/09/24,"North West",0,131,2,0,0,125,4
2020/09/24,"North Central",0,73,0,0,0,71,2
2020/09/24,"North East",0,67,1,0,0,66,0
2020/09/24,Saskatoon,2,363,75,7,0,286,2
2020/09/24,"Central West",1,175,8,0,0,166,1
2020/09/24,"Central East",0,62,3,0,0,58,1
2020/09/24,Regina,1,166,26,0,0,138,2
2020/09/24,"South West",0,222,4,0,0,217,1
2020/09/24,"South Central",1,200,4,1,0,192,4
2020/09/24,"South East",0,18,5,0,0,13,0
2020/09/25,"Far North West",0,349,1,0,0,341,7
2020/09/25,"Far North Central",0,0,0,0,0,0,0
2020/09/25,"Far North East",0,9,1,0,0,8,0
2020/09/25,"North West",1,132,3,0,0,125,4
2020/09/25,"North Central",3,76,3,0,0,71,2
2020/09/25,"North East",0,67,1,0,0,66,0
2020/09/25,Saskatoon,3,366,69,7,0,295,2
2020/09/25,"Central West",0,175,8,0,0,166,1
2020/09/25,"Central East",1,63,4,0,0,58,1
2020/09/25,Regina,1,167,19,0,0,146,2
2020/09/25,"South West",0,222,3,0,0,218,1
2020/09/25,"South Central",0,200,4,1,0,192,4
2020/09/25,"South East",1,19,6,0,0,13,0
2020/09/26,"Far North West",0,349,1,0,0,341,7
2020/09/26,"Far North Central",0,0,0,0,0,0,0
2020/09/26,"Far North East",0,9,1,0,0,8,0
2020/09/26,"North West",0,132,1,0,0,127,4
2020/09/26,"North Central",0,76,3,0,0,71,2
2020/09/26,"North East",0,67,1,0,0,66,0
2020/09/26,Saskatoon,15,381,83,7,0,296,2
2020/09/26,"Central West",0,175,8,0,0,166,1
2020/09/26,"Central East",2,65,5,0,0,59,1
2020/09/26,Regina,2,168,19,0,0,147,2
2020/09/26,"South West",0,222,3,0,0,218,1
2020/09/26,"South Central",0,200,4,1,0,192,4
2020/09/26,"South East",0,19,5,0,0,14,0
2020/09/27,"Far North West",0,349,0,0,0,342,7
2020/09/27,"Far North Central",0,0,0,0,0,0,0
2020/09/27,"Far North East",0,9,1,0,0,8,0
2020/09/27,"North West",0,132,0,0,0,128,4
2020/09/27,"North Central",1,77,4,0,0,71,2
2020/09/27,"North East",0,67,1,0,0,66,0
2020/09/27,Saskatoon,1,382,84,6,0,296,2
2020/09/27,"Central West",0,175,6,0,0,168,1
2020/09/27,"Central East",8,73,13,0,0,59,1
2020/09/27,Regina,4,172,23,1,0,147,2
2020/09/27,"South West",0,222,2,0,0,219,1
2020/09/27,"South Central",0,200,4,0,0,192,4
2020/09/27,"South East",0,19,5,0,0,14,0
2020/09/28,"Far North West",1,350,1,0,0,342,7
2020/09/28,"Far North Central",0,0,0,0,0,0,0
2020/09/28,"Far North East",0,9,1,0,0,8,0
2020/09/28,"North West",0,132,0,0,0,128,4
2020/09/28,"North Central",0,77,4,0,0,71,2
2020/09/28,"North East",0,67,1,0,0,66,0
2020/09/28,Saskatoon,3,385,84,7,0,299,2
2020/09/28,"Central West",0,175,6,0,0,168,1
2020/09/28,"Central East",7,80,20,0,0,59,1
2020/09/28,Regina,3,176,24,0,0,150,2
2020/09/28,"South West",0,222,0,0,0,221,1
2020/09/28,"South Central",0,200,4,1,0,192,4
2020/09/28,"South East",0,19,4,0,0,15,0
2020/09/29,"Far North West",0,350,1,0,0,342,7
2020/09/29,"Far North Central",0,0,0,0,0,0,0
2020/09/29,"Far North East",0,9,1,0,0,8,0
2020/09/29,"North West",0,132,0,0,0,128,4
2020/09/29,"North Central",0,77,4,0,0,71,2
2020/09/29,"North East",0,67,1,0,0,66,0
2020/09/29,Saskatoon,0,385,68,6,0,315,2
2020/09/29,"Central West",0,175,5,0,0,169,1
2020/09/29,"Central East",1,81,21,0,0,59,1
2020/09/29,Regina,6,182,30,1,0,150,2
2020/09/29,"South West",0,222,0,1,0,221,1
2020/09/29,"South Central",0,200,3,0,0,193,4
2020/09/29,"South East",0,19,4,0,0,15,0
2020/09/30,"Far North West",0,350,1,0,0,342,7
2020/09/30,"Far North Central",0,0,0,0,0,0,0
2020/09/30,"Far North East",0,9,1,0,0,8,0
2020/09/30,"North West",0,132,0,0,0,128,4
2020/09/30,"North Central",0,77,4,0,1,71,2
2020/09/30,"North East",1,68,1,0,0,67,0
2020/09/30,Saskatoon,8,393,68,5,0,323,2
2020/09/30,"Central West",1,176,6,0,0,169,1
2020/09/30,"Central East",2,83,23,0,0,60,1
2020/09/30,Regina,2,184,30,1,0,152,2
2020/09/30,"South West",0,222,0,2,0,221,1
2020/09/30,"South Central",0,200,3,0,0,193,4
2020/09/30,"South East",0,19,3,0,0,16,0
2020/10/01,"Far North West",0,350,1,0,0,342,7
2020/10/01,"Far North Central",0,0,0,0,0,0,0
2020/10/01,"Far North East",0,9,0,0,0,9,0
2020/10/01,"North West",0,132,0,0,0,128,4
2020/10/01,"North Central",1,79,6,0,0,71,2
2020/10/01,"North East",1,68,1,0,0,67,0
2020/10/01,Saskatoon,0,393,61,4,0,330,2
2020/10/01,"Central West",0,176,6,0,0,169,1
2020/10/01,"Central East",5,88,27,0,0,60,1
2020/10/01,Regina,4,188,34,1,0,152,2
2020/10/01,"South West",2,224,2,2,0,221,1
2020/10/01,"South Central",1,201,4,0,0,193,4
2020/10/01,"South East",0,19,2,0,0,17,0
2020/10/02,"Far North West",0,350,1,0,0,342,7
2020/10/02,"Far North Central",0,0,0,0,0,0,0
2020/10/02,"Far North East",0,9,0,0,0,9,0
2020/10/02,"North West",0,132,0,0,0,128,4
2020/10/02,"North Central",1,80,7,0,0,71,2
2020/10/02,"North East",1,69,2,0,0,67,0
2020/10/02,Saskatoon,6,399,62,3,0,335,2
2020/10/02,"Central West",0,176,5,0,0,170,1
2020/10/02,"Central East",4,92,31,0,0,60,1
2020/10/02,Regina,0,188,30,1,0,156,2
2020/10/02,"South West",0,224,2,2,0,221,1
2020/10/02,"South Central",1,202,5,0,0,193,4
2020/10/02,"South East",0,19,2,0,0,17,0
2020/10/03,"Far North West",0,350,1,0,0,342,7
2020/10/03,"Far North Central",0,0,0,0,0,0,0
2020/10/03,"Far North East",0,9,0,0,0,9,0
2020/10/03,"North West",0,132,0,0,0,128,4
2020/10/03,"North Central",0,80,7,0,0,71,2
2020/10/03,"North East",0,69,2,0,0,67,0
2020/10/03,Saskatoon,3,402,60,0,0,340,2
2020/10/03,"Central West",0,176,3,0,0,172,1
2020/10/03,"Central East",4,96,34,0,1,61,1
2020/10/03,Regina,2,190,28,0,0,160,2
2020/10/03,"South West",1,225,3,0,0,221,1
2020/10/03,"South Central",2,204,7,0,0,193,4
2020/10/03,"South East",2,21,3,0,0,18,0
2020/10/04,"Far North West",0,350,1,0,0,342,7
2020/10/04,"Far North Central",0,0,0,0,0,0,0
2020/10/04,"Far North East",0,9,0,0,0,9,0
2020/10/04,"North West",0,132,0,0,0,128,4
2020/10/04,"North Central",0,80,7,0,0,71,2
2020/10/04,"North East",0,69,2,0,0,67,0
2020/10/04,Saskatoon,1,403,61,0,0,340,2
2020/10/04,"Central West",0,176,3,0,0,172,1
2020/10/04,"Central East",1,97,35,0,0,61,1
2020/10/04,Regina,1,191,29,0,1,160,2
2020/10/04,"South West",0,225,3,0,0,221,1
2020/10/04,"South Central",0,204,7,0,0,193,4
2020/10/04,"South East",2,23,5,0,0,18,0
2020/10/05,"Far North West",0,350,1,0,0,342,7
2020/10/05,"Far North Central",0,0,0,0,0,0,0
2020/10/05,"Far North East",0,9,0,0,0,9,0
2020/10/05,"North West",0,132,0,0,0,128,4
2020/10/05,"North Central",0,80,7,0,0,71,2
2020/10/05,"North East",0,69,2,0,0,67,0
2020/10/05,Saskatoon,1,404,50,0,0,352,2
2020/10/05,"Central West",0,176,2,0,0,173,1
2020/10/05,"Central East",5,102,39,0,0,62,1
2020/10/05,Regina,1,192,26,0,1,164,2
2020/10/05,"South West",0,225,3,0,0,221,1
2020/10/05,"South Central",1,205,8,0,0,193,4
2020/10/05,"South East",1,24,5,0,0,19,0
2020/10/06,"Far North West",1,351,2,0,0,342,7
2020/10/06,"Far North Central",0,0,0,0,0,0,0
2020/10/06,"Far North East",0,9,0,0,0,9,0
2020/10/06,"North West",0,132,0,0,0,128,4
2020/10/06,"North Central",1,81,8,0,0,71,2
2020/10/06,"North East",0,69,1,0,0,68,0
2020/10/06,Saskatoon,6,410,40,1,0,368,2
2020/10/06,"Central West",0,176,2,0,0,173,1
2020/10/06,"Central East",3,105,41,0,0,63,1
2020/10/06,Regina,2,194,26,0,1,166,2
2020/10/06,"South West",0,225,3,0,0,221,1
2020/10/06,"South Central",0,205,8,0,0,193,4
2020/10/06,"South East",2,26,7,0,0,19,0
2020/10/07,"Far North West",0,351,2,0,0,342,7
2020/10/07,"Far North Central",0,0,0,0,0,0,0
2020/10/07,"Far North East",0,9,0,0,0,9,0
2020/10/07,"North West",0,132,0,0,0,128,4
2020/10/07,"North Central",0,81,8,0,0,71,2
2020/10/07,"North East",0,69,1,0,0,68,0
2020/10/07,Saskatoon,4,414,39,4,0,373,2
2020/10/07,"Central West",1,177,1,0,0,175,1
2020/10/07,"Central East",1,107,41,0,0,65,1
2020/10/07,Regina,3,197,27,0,1,168,2
2020/10/07,"South West",0,225,3,0,0,221,1
2020/10/07,"South Central",0,205,8,0,0,193,4
2020/10/07,"South East",1,27,8,0,0,19,0
2020/10/08,"Far North West",3,354,5,0,0,342,7
2020/10/08,"Far North Central",0,0,0,0,0,0,0
2020/10/08,"Far North East",2,11,2,0,0,9,0
2020/10/08,"North West",1,133,1,0,0,128,4
2020/10/08,"North Central",2,83,9,0,0,72,2
2020/10/08,"North East",0,69,1,0,0,68,0
2020/10/08,Saskatoon,6,420,43,5,0,375,2
2020/10/08,"Central West",0,177,1,0,0,175,1
2020/10/08,"Central East",2,109,40,0,0,68,1
2020/10/08,Regina,1,198,25,1,1,171,2
2020/10/08,"South West",0,225,3,0,0,221,1
2020/10/08,"South Central",0,205,4,0,0,197,4
2020/10/08,"South East",1,28,9,0,0,19,0
2020/10/09,"Far North West",0,354,5,0,0,342,7
2020/10/09,"Far North Central",0,0,0,0,0,0,0
2020/10/09,"Far North East",2,13,4,0,0,9,0
2020/10/09,"North West",0,133,1,0,0,128,4
2020/10/09,"North Central",4,87,9,0,0,76,2
2020/10/09,"North East",0,69,1,0,0,68,0
2020/10/09,Saskatoon,5,425,33,4,1,390,2
2020/10/09,"Central West",3,180,4,0,0,175,1
2020/10/09,"Central East",4,113,42,0,0,70,1
2020/10/09,Regina,2,200,22,1,1,176,2
2020/10/09,"South West",0,225,3,1,0,221,1
2020/10/09,"South Central",2,207,6,0,0,197,4
2020/10/09,"South East",0,28,9,0,0,19,0
2020/10/10,"Far North West",0,354,5,0,0,342,7
2020/10/10,"Far North Central",0,0,0,0,0,0,0
2020/10/10,"Far North East",4,17,8,0,0,9,0
2020/10/10,"North West",1,134,2,0,0,128,4
2020/10/10,"North Central",7,94,17,0,0,75,2
2020/10/10,"North East",1,70,2,0,0,68,0
2020/10/10,Saskatoon,3,428,34,3,1,392,2
2020/10/10,"Central West",2,182,6,0,0,175,1
2020/10/10,"Central East",11,124,46,0,0,77,1
2020/10/10,Regina,3,203,23,1,1,178,2
2020/10/10,"South West",0,225,3,0,0,221,1
2020/10/10,"South Central",0,207,5,0,0,198,4
2020/10/10,"South East",2,30,10,0,0,20,0
2020/10/11,"Far North West",1,355,5,0,0,343,7
2020/10/11,"Far North Central",0,0,0,0,0,0,0
2020/10/11,"Far North East",2,19,10,0,0,9,0
2020/10/11,"North West",3,137,5,0,0,128,4
2020/10/11,"North Central",5,99,21,0,0,76,2
2020/10/11,"North East",0,70,2,0,0,68,0
2020/10/11,Saskatoon,1,429,33,3,1,393,3
2020/10/11,"Central West",0,182,6,0,0,175,1
2020/10/11,"Central East",0,124,46,0,0,77,1
2020/10/11,Regina,11,214,32,1,1,180,2
2020/10/11,"South West",0,225,3,0,0,221,1
2020/10/11,"South Central",0,207,5,0,0,198,4
2020/10/11,"South East",1,31,11,0,0,20,0
2020/10/12,"Far North West",1,356,6,0,0,343,7
2020/10/12,"Far North Central",0,0,0,0,0,0,0
2020/10/12,"Far North East",0,19,10,0,0,9,0
2020/10/12,"North West",3,140,8,0,0,128,4
2020/10/12,"North Central",19,118,39,0,0,77,2
2020/10/12,"North East",1,71,3,0,0,68,0
2020/10/12,Saskatoon,13,442,43,5,0,396,3
2020/10/12,"Central West",1,183,7,0,0,175,1
2020/10/12,"Central East",3,127,45,0,0,81,1
2020/10/12,Regina,5,219,34,2,1,183,2
2020/10/12,"South West",1,226,4,0,0,221,1
2020/10/12,"South Central",0,207,5,0,0,198,4
2020/10/12,"South East",1,32,11,0,0,21,0
2020/10/13,"Far North West",0,356,6,0,0,343,7
2020/10/13,"Far North Central",0,0,0,0,0,0,0
2020/10/13,"Far North East",0,19,10,0,0,9,0
2020/10/13,"North West",0,140,8,0,0,128,4
2020/10/13,"North Central",9,127,47,1,0,78,2
2020/10/13,"North East",0,71,2,0,0,69,0
2020/10/13,Saskatoon,8,450,51,4,1,396,3
2020/10/13,"Central West",4,187,11,0,0,175,1
2020/10/13,"Central East",0,127,39,1,0,87,1
2020/10/13,Regina,11,230,42,1,1,186,2
2020/10/13,"South West",0,226,4,0,0,221,1
2020/10/13,"South Central",0,207,5,0,0,198,4
2020/10/13,"South East",0,32,11,0,0,21,0
2020/10/14,"Far North West",0,356,6,0,0,343,7
2020/10/14,"Far North Central",0,0,0,0,0,0,0
2020/10/14,"Far North East",4,23,14,0,0,9,0
2020/10/14,"North West",0,140,8,0,0,128,4
2020/10/14,"North Central",5,132,52,1,0,78,2
2020/10/14,"North East",7,78,9,0,0,69,0
2020/10/14,Saskatoon,4,454,51,4,1,400,3
2020/10/14,"Central West",0,187,11,0,0,175,1
2020/10/14,"Central East",1,128,36,1,0,91,1
2020/10/14,Regina,3,234,46,0,0,186,2
2020/10/14,"South West",0,226,3,0,0,222,1
2020/10/14,"South Central",0,207,5,0,0,198,4
2020/10/14,"South East",1,33,12,0,0,21,0
2020/10/15,"Far North West",3,359,9,0,0,343,7
2020/10/15,"Far North Central",0,0,0,0,0,0,0
2020/10/15,"Far North East",2,25,16,0,0,9,0
2020/10/15,"North West",0,140,8,1,0,128,4
2020/10/15,"North Central",2,134,53,1,0,79,2
2020/10/15,"North East",2,80,11,0,0,69,0
2020/10/15,Saskatoon,8,462,55,4,1,404,3
2020/10/15,"Central West",0,187,10,0,0,176,1
2020/10/15,"Central East",8,136,39,0,0,96,1
2020/10/15,Regina,7,241,52,0,1,187,2
2020/10/15,"South West",0,226,1,0,0,224,1
2020/10/15,"South Central",1,208,5,0,0,199,4
2020/10/15,"South East",0,33,11,0,0,22,0
2020/10/16,"Far North West",6,365,15,0,0,343,7
2020/10/16,"Far North Central",0,0,0,0,0,0,0
2020/10/16,"Far North East",7,32,23,0,0,9,0
2020/10/16,"North West",1,141,9,0,0,128,4
2020/10/16,"North Central",8,142,61,2,0,79,2
2020/10/16,"North East",0,80,11,0,0,69,0
2020/10/16,Saskatoon,7,469,55,5,1,411,3
2020/10/16,"Central West",1,188,11,0,0,176,1
2020/10/16,"Central East",2,137,41,0,0,95,1
2020/10/16,Regina,7,248,57,0,1,189,2
2020/10/16,"South West",0,226,1,0,0,224,1
2020/10/16,"South Central",1,209,4,0,0,201,4
2020/10/16,"South East",0,33,11,0,0,22,0
